player_team_offense_ranking,player_fantasy_avg,weather,opp_team_defense_ranking,f_points_earned
14,20.55076923076923,81,13,8.84
14,4.55,81,13,5.0
14,9.273076923076923,81,13,16.5
14,13.079999999999998,81,13,18.0
14,6.126153846153846,81,13,2.4
14,6.150769230769232,81,13,1.8
14,8.644615384615385,81,13,0.0
14,0.37,81,13,0.0
20,8.87,81,29,4.08
20,5.005692307692308,81,29,5.5
20,9.1,81,29,30.2
20,4.463636363636364,81,29,2.6
20,7.0,81,29,3.2
20,10.58923076923077,81,29,4.8
20,-0.2,81,29,1.0
20,3.8861538461538463,81,29,0.4
4,20.794923076923073,58,24,8.999999999999998
4,17.303333333333335,58,24,41.2
4,2.0138461538461536,58,24,0.8
4,12.35923076923077,58,24,11.9
4,13.718461538461538,58,24,9.3
4,4.103076923076923,58,24,6.0
4,0.42000000000000004,58,24,0.6
18,8.862,58,16,29.58
18,1.7866666666666666,58,16,18.5
18,11.615384615384615,58,16,2.1
18,4.980769230769231,58,16,2.5
18,8.192307692307692,58,16,10.6
18,5.36,58,16,3.8
18,25.009999999999998,58,16,1.7
18,5.0346153846153845,58,16,1.3
18,1.6630769230769231,58,16,1.2
18,4.9107692307692306,58,16,0.0
31,3.21,61,1,-2.94
31,13.792,61,1,5.5600000000000005
31,2.21,61,1,3.1
31,6.74,61,1,2.1
31,4.493333333333334,61,1,0.3
31,5.392307692307693,61,1,2.6
31,0.8300000000000001,61,1,2.4
31,1.5633333333333332,61,1,1.8
31,1.31,61,1,1.4
31,3.45,61,1,1.0
31,0.7,61,1,0.7
31,4.2,61,1,0.0
31,1.488181818181818,61,1,0.0
31,-0.5,61,1,0.0
12,14.789333333333332,61,20,21.74
12,6.685076923076923,61,20,4.859999999999999
12,8.903333333333334,61,20,16.4
12,4.5138461538461545,61,20,15.2
12,9.360000000000001,61,20,11.899999999999999
12,7.507692307692308,61,20,4.5
12,4.931538461538461,61,20,4.9
12,1.52,61,20,4.0
12,5.7446153846153845,61,20,3.8
12,2.05,61,20,3.2
12,3.8730769230769235,61,20,3.1
12,1.43,61,20,0.5
30,14.302,59,23,13.239999999999998
30,9.003846153846155,59,23,6.8999999999999995
30,13.15,59,23,5.5
30,2.14,59,23,0.3
30,3.583846153846154,59,23,5.4
30,7.46,59,23,5.1
30,3.0,59,23,2.5
30,5.88076923076923,59,23,1.4
30,1.65,59,23,0.0
30,1.58,59,23,0.0
16,14.326461538461537,59,9,7.160000000000001
16,19.490000000000002,59,9,24.8
16,0.5700000000000001,59,9,0.8
16,6.942307692307692,59,9,4.8
16,5.81,59,9,1.8
16,2.62,59,9,1.6
16,12.615333333333332,59,9,11.0
16,1.4023076923076925,59,9,0.8
11,18.37492307692308,62,12,11.04
11,11.273333333333333,62,12,10.9
11,5.3330769230769235,62,12,15.6
11,4.57,62,12,3.7
11,3.4361538461538466,62,12,2.7
11,0.1677777777777778,62,12,1.2
11,1.48,62,12,1.1
11,0.11000000000000001,62,12,0.0
11,2.57,62,12,0.0
11,0.7,62,12,0.0
11,12.646153846153847,62,12,7.1
6,17.857846153846154,62,6,21.279999999999998
6,2.8600000000000003,62,6,6.9
6,3.1,62,6,3.1
6,12.425384615384615,62,6,5.6
6,4.662307692307692,62,6,1.9
6,7.97,62,6,10.3
6,2.893076923076923,62,6,6.6
6,2.226153846153846,62,6,2.2
6,4.003076923076923,62,6,1.1
9,19.732,78,11,48.28
9,7.923846153846153,78,11,6.9
9,0.6799999999999999,78,11,0.6
9,2.516153846153846,78,11,0.30000000000000004
9,11.279999999999998,78,11,14.7
9,9.777272727272727,78,11,14.6
9,8.65,78,11,5.4
9,6.9923076923076914,78,11,4.1
9,7.213846153846153,78,11,2.7
9,0.06999999999999999,78,11,0.0
9,4.405384615384615,78,11,0.0
2,20.856,78,30,29.56
2,17.41923076923077,78,30,38.1
2,0.81,78,30,-1.1
2,6.529999999999999,78,30,7.3
2,12.754615384615384,78,30,16.0
2,3.513076923076923,78,30,4.4
2,1.6730769230769231,78,30,2.0
2,1.6915384615384617,78,30,1.5
2,5.09,78,30,0.0
2,0.03,78,30,0.0
2,1.153076923076923,78,30,0.0
23,12.672,78,7,9.04
23,10.273333333333333,78,7,5.1
23,3.6918181818181814,78,7,1.7999999999999998
23,10.406153846153847,78,7,9.0
23,6.21,78,7,6.1
23,2.8176923076923077,78,7,5.6
23,1.8836363636363636,78,7,2.8
23,4.33,78,7,2.1
23,3.994615384615385,78,7,0.0
23,6.5344444444444445,78,7,0.0
24,17.81533333333333,78,27,20.36
24,7.51,78,27,4.2
24,7.515714285714286,78,27,7.5
24,11.342727272727274,78,27,5.1
24,14.223333333333334,78,27,10.2
24,2.83,78,27,1.8
24,4.86,78,27,1.1
24,0.45,78,27,0.9
24,0.11000000000000001,78,27,0.6
24,0.77,78,27,0.0
27,3.7000000000000006,89,26,2.6799999999999997
27,12.611333333333333,89,26,1.62
27,7.11923076923077,89,26,23.0
27,10.104000000000001,89,26,3.1
27,7.992307692307692,89,26,6.2
27,5.2,89,26,5.2
27,1.3515384615384616,89,26,3.7
27,3.4230769230769234,89,26,1.7
27,3.210769230769231,89,26,1.2
27,4.17,89,26,0.0
21,14.802,89,4,13.6
21,6.707692307692308,89,4,6.1
21,10.379999999999999,89,4,6.6
21,10.116,89,4,3.8
21,7.033333333333333,89,4,10.6
21,3.9299999999999997,89,4,3.8
21,4.748666666666667,89,4,2.6
21,1.046153846153846,89,4,1.1
17,15.686545454545456,78,15,16.52
17,14.258181818181818,78,15,26.9
17,11.265555555555554,78,15,7.199999999999999
17,5.9799999999999995,78,15,4.4
17,10.409230769230769,78,15,2.6
17,0.72,78,15,0.9
17,3.6730769230769234,78,15,0.4
17,5.59,78,15,0.3
17,6.25,78,15,0.9000000000000001
8,20.194153846153846,78,32,19.459999999999997
8,3.1738461538461546,78,32,6.1
8,5.8707692307692305,78,32,5.199999999999999
8,0.9,78,32,0.9
8,5.746666666666666,78,32,4.0
8,3.3554545454545455,78,32,5.9
8,10.816153846153846,78,32,5.1
8,12.232727272727272,78,32,4.6
8,3.2676923076923075,78,32,1.8
8,2.653076923076923,78,32,1.8
8,3.8114285714285714,78,32,1.3
1,26.27276923076923,84,8,28.340000000000003
1,18.566363636363636,84,8,4.9
1,4.533076923076923,84,8,4.0
1,15.706923076923076,84,8,17.299999999999997
1,1.0715384615384616,84,8,3.6
1,7.31,84,8,2.1
1,4.163846153846154,84,8,1.5
1,13.227692307692307,84,8,0.6
1,1.5,84,8,0.1
1,1.6530769230769233,84,8,0.0
5,18.934307692307694,84,28,26.96
5,20.15,84,28,16.6
5,9.083846153846155,84,28,12.6
5,2.1566666666666667,84,28,2.0
5,0.04,84,28,0.1
5,11.147692307692306,84,28,10.8
5,7.320769230769231,84,28,8.1
5,1.9115384615384614,84,28,2.1
5,2.903076923076923,84,28,1.6
5,6.483846153846153,84,28,0.8
22,16.577384615384616,81,25,6.699999999999999
22,17.108461538461537,81,25,20.6
22,1.0,81,25,0.5
22,5.09,81,25,0.1
22,4.663076923076923,81,25,7.3
22,1.55,81,25,2.7
22,2.5892307692307694,81,25,2.0
22,3.3566666666666665,81,25,1.8
22,3.571538461538462,81,25,0.9
22,0.6,81,25,0.6
22,1.04,81,25,0.0
10,20.14553846153846,81,2,24.240000000000002
10,17.894615384615385,81,2,7.5
10,2.0966666666666667,81,2,3.5
10,6.811538461538462,81,2,0.3
10,1.0330769230769232,81,2,12.1
10,6.38,81,2,4.1
10,5.8966666666666665,81,2,3.3
10,3.043846153846154,81,2,2.3
10,3.2333333333333334,81,2,1.5
10,1.6199999999999999,81,2,0.4
13,18.33533333333333,84,10,20.42
13,10.110000000000001,84,10,5.8999999999999995
13,4.71,84,10,4.3
13,6.9,84,10,10.5
13,10.753333333333334,84,10,5.9
13,3.27,84,10,4.6
13,2.9890909090909092,84,10,1.1
13,0.35,84,10,0.7
13,3.75,84,10,0.7
13,5.6466666666666665,84,10,0.0
13,5.08,84,10,0.0
19,12.621538461538462,84,5,19.16
19,13.675384615384615,84,5,10.2
19,6.735454545454545,84,5,7.1
19,3.117692307692308,84,5,1.5
19,10.428666666666667,84,5,13.5
19,5.08,84,5,6.3
19,5.774615384615386,84,5,4.5
19,2.83,84,5,2.9
19,3.6409090909090907,84,5,1.5
19,1.7076923076923078,84,5,0.0
19,1.8015384615384615,84,5,0.0
28,12.8,78,21,19.599999999999998
28,11.320769230769232,78,21,26.6
28,6.021428571428571,78,21,12.8
28,0.4,78,21,0.7
28,5.059230769230769,78,21,4.8
28,6.779999999999999,78,21,3.2
28,5.584285714285714,78,21,2.2
28,4.91,78,21,1.1
28,3.6230769230769235,78,21,0.9
32,3.562000000000001,78,14,2.8200000000000003
32,12.080769230769231,78,14,18.7
32,2.5592307692307696,78,14,4.8
32,6.637692307692308,78,14,7.6
32,2.911538461538462,78,14,1.9
32,6.71,78,14,0.4
32,2.16,78,14,0.0
7,19.253636363636364,62,17,20.04
7,8.463846153846152,62,17,10.7
7,10.48169230769231,62,17,4.1
7,7.7718181818181815,62,17,6.1
7,5.529230769230769,62,17,2.5
7,5.793846153846154,62,17,1.5
7,6.4879999999999995,62,17,1.4
7,0.11000000000000001,62,17,0.9
7,0.09,62,17,0.6
15,19.014,62,3,24.939999999999998
15,-0.95,62,3,-1.7999999999999998
15,3.5415384615384617,62,3,4.7
15,4.43,62,3,2.8
15,5.802857142857143,62,3,14.2
15,14.738461538461538,62,3,8.8
15,8.06,62,3,6.9
15,1.3615384615384616,62,3,1.3
15,5.143076923076924,62,3,0.8
26,10.726,78,19,13.82
26,9.20923076923077,78,19,34.2
26,6.755714285714286,78,19,6.5
26,1.9615384615384617,78,19,2.1
26,-0.041538461538461524,78,19,0.2
26,4.261818181818182,78,19,6.3
26,9.92,78,19,4.9
26,0.9400000000000001,78,19,2.7
26,0.47000000000000003,78,19,0.7
26,6.218181818181819,78,19,3.1999999999999997
25,13.291076923076924,78,22,8.04
25,-1.54,78,22,-1.54
25,4.28,78,22,3.5
25,10.74,78,22,3.7
25,8.823846153846153,78,22,11.4
25,4.191428571428571,78,22,7.9
25,8.973333333333333,78,22,5.4
25,1.35,78,22,0.7
25,0.86,78,22,0.6
25,0.37,78,22,0.5
25,0.73,78,22,0.0
25,5.359999999999999,78,22,-0.3
3,18.650153846153845,69,31,17.22
3,21.745384615384616,69,31,14.700000000000001
3,11.89,69,31,6.800000000000001
3,10.07230769230769,69,31,9.299999999999999
3,11.18769230769231,69,31,4.3
3,2.7,69,31,2.3
29,14.48646153846154,69,18,6.219999999999999
29,10.67,69,18,16.9
29,5.242307692307692,69,18,7.9
29,5.566923076923078,69,18,1.7
29,5.82,69,18,1.8
29,9.119230769230768,69,18,18.0
29,5.463333333333334,69,18,2.3
29,0.9815384615384616,69,18,2.0
29,4.59,69,18,1.1
12,14.789333333333332,82,32,17.84
12,9.360000000000001,82,32,9.0
12,4.5138461538461545,82,32,16.4
12,2.05,82,32,3.8
12,6.685076923076923,82,32,0.6
12,1.43,82,32,1.1
12,7.507692307692308,82,32,9.2
12,5.7446153846153845,82,32,5.6
12,4.931538461538461,82,32,5.4
12,1.52,82,32,2.6
12,3.8730769230769235,82,32,1.7
17,15.686545454545456,82,1,26.6
17,14.258181818181818,82,1,8.700000000000001
17,6.25,82,1,4.2
17,10.409230769230769,82,1,9.1
17,11.265555555555554,82,1,6.9
17,3.6730769230769234,82,1,4.5
17,5.9799999999999995,82,1,2.3
17,0.72,82,1,1.1
17,0.16999999999999998,82,1,0.0
17,5.59,82,1,0.5
20,8.87,91,30,15.66
20,4.463636363636364,91,30,20.5
20,4.406923076923078,91,30,0.9999999999999998
20,9.1,91,30,14.700000000000001
20,5.005692307692308,91,30,9.0
20,10.58923076923077,91,30,9.4
20,0.74,91,30,5.7
20,1.06,91,30,3.9
20,0.37,91,30,0.0
9,19.732,91,13,29.979999999999997
9,7.923846153846153,91,13,2.9000000000000004
9,2.516153846153846,91,13,3.5999999999999996
9,0.6799999999999999,91,13,0.9
9,9.777272727272727,91,13,12.9
9,8.65,91,13,9.6
9,11.279999999999998,91,13,6.300000000000001
9,6.9923076923076914,91,13,5.6
9,7.213846153846153,91,13,0.8
5,18.934307692307694,83,20,22.740000000000002
5,9.083846153846155,83,20,9.8
5,20.15,83,20,18.6
5,11.147692307692306,83,20,6.7
5,1.9115384615384614,83,20,5.5
5,6.483846153846153,83,20,4.8
5,7.320769230769231,83,20,2.7
5,-1.3333333333333333,83,20,0.0
5,2.903076923076923,83,20,0.0
5,0.21000000000000002,83,20,0.0
5,0.18,83,20,-0.1
31,13.792,83,8,13.0
31,6.74,83,8,6.8
31,4.493333333333334,83,8,15.7
31,2.21,83,8,1.2999999999999998
31,5.392307692307693,83,8,6.3
31,4.2,83,8,3.0
31,1.488181818181818,83,8,2.9
31,0.48,83,8,2.4
31,3.45,83,8,1.9
31,1.5633333333333332,83,8,0.7
31,0.8300000000000001,83,8,0.7
31,1.31,83,8,0.0
10,20.14553846153846,78,29,27.599999999999998
10,17.894615384615385,78,29,13.899999999999999
10,2.0966666666666667,78,29,3.1
10,6.811538461538462,78,29,5.8
10,1.0330769230769232,78,29,0.4
10,6.38,78,29,7.7
10,3.043846153846154,78,29,6.2
10,3.2333333333333334,78,29,3.3
10,1.6199999999999999,78,29,1.0
14,20.55076923076923,78,25,42.68000000000001
14,9.273076923076923,78,25,12.5
14,4.982307692307693,78,25,5.3999999999999995
14,8.644615384615385,78,25,6.7
14,13.079999999999998,78,25,6.4
14,6.126153846153846,78,25,5.9
14,1.3776923076923075,78,25,3.0
14,1.1,78,25,1.0
14,-0.95,78,25,0.0
14,6.150769230769232,78,25,1.5
1,26.27276923076923,80,16,38.839999999999996
1,18.566363636363636,80,16,8.0
1,7.31,80,16,13.1
1,4.533076923076923,80,16,0.3
1,13.227692307692307,80,16,10.9
1,15.706923076923076,80,16,9.0
1,4.163846153846154,80,16,-0.30000000000000004
1,1.8115384615384618,80,16,0.3
1,1.6530769230769233,80,16,0.2
4,20.794923076923073,80,28,42.98
4,17.303333333333335,80,28,18.5
4,2.0138461538461536,80,28,1.9
4,1.48,80,28,0.7
4,4.103076923076923,80,28,13.8
4,12.35923076923077,80,28,12.1
4,13.718461538461538,80,28,6.7
4,5.406666666666666,80,28,2.6
4,0.27999999999999997,80,28,1.9
4,1.3454545454545455,80,28,1.4
11,18.37492307692308,81,4,22.799999999999997
11,11.273333333333333,81,4,7.0
11,5.3330769230769235,81,4,3.6
11,10.618571428571428,81,4,11.3
11,12.646153846153847,81,4,11.0
11,4.57,81,4,4.5
11,1.48,81,4,2.1
11,2.57,81,4,1.9
11,3.4361538461538466,81,4,0.0
27,3.7000000000000006,81,6,8.879999999999999
27,10.104000000000001,81,6,5.92
27,0.5116923076923077,81,6,6.640000000000001
27,7.11923076923077,81,6,4.3
27,1.3966666666666665,81,6,6.6
27,7.992307692307692,81,6,5.5
27,4.17,81,6,3.2
27,1.3515384615384616,81,6,1.5
27,3.4230769230769234,81,6,1.4
27,0.37,81,6,0.8
21,14.802,80,22,17.119999999999997
21,10.379999999999999,80,22,19.0
21,6.707692307692308,80,22,4.4
21,10.116,80,22,4.5
21,3.9299999999999997,80,22,3.2
21,4.748666666666667,80,22,3.2
21,2.7,80,22,1.9
21,7.033333333333333,80,22,1.7
26,10.726,80,26,13.459999999999999
26,9.20923076923077,80,26,3.9
26,6.755714285714286,80,26,8.0
26,4.261818181818182,80,26,9.2
26,9.92,80,26,8.4
26,3.990769230769231,80,26,3.0
26,6.218181818181819,80,26,0.7000000000000002
26,0.47000000000000003,80,26,2.4
26,3.06,80,26,-0.1
18,8.862,78,11,14.44
18,1.7866666666666666,78,11,17.0
18,11.615384615384615,78,11,1.4
18,4.9107692307692306,78,11,8.799999999999999
18,4.980769230769231,78,11,1.0
18,8.192307692307692,78,11,6.9
18,5.36,78,11,4.7
18,5.0346153846153845,78,11,2.0
18,1.6630769230769231,78,11,1.5
2,20.856,78,24,17.619999999999997
2,17.41923076923077,78,24,9.899999999999999
2,0.81,78,24,1.8
2,12.754615384615384,78,24,6.9
2,6.529999999999999,78,24,3.5
2,3.513076923076923,78,24,1.9
2,5.09,78,24,1.8
2,1.6915384615384617,78,24,0.5
2,1.153076923076923,78,24,0.4
2,1.6730769230769231,78,24,0.0
2,0.03,78,24,-0.1
24,17.81533333333333,80,17,31.5
24,7.515714285714286,80,17,9.0
24,7.51,80,17,1.9
24,0.77,80,17,0.5
24,11.342727272727274,80,17,12.9
24,14.223333333333334,80,17,13.1
24,4.86,80,17,7.2
24,2.83,80,17,2.3
24,0.45,80,17,1.9
15,19.014,80,7,16.04
15,3.5415384615384617,80,7,7.1000000000000005
15,4.43,80,7,4.0
15,5.143076923076924,80,7,9.5
15,14.738461538461538,80,7,6.4
15,8.06,80,7,6.4
15,5.802857142857143,80,7,3.0
15,1.3615384615384616,80,7,0.4
15,4.613076923076924,80,7,0.3
15,0.3,80,7,0.0
8,20.194153846153846,71,14,11.36
8,3.1738461538461546,71,14,6.3999999999999995
8,11.84,71,14,3.6
8,5.8707692307692305,71,14,12.5
8,12.232727272727272,71,14,8.3
8,3.3554545454545455,71,14,3.0
8,10.816153846153846,71,14,2.6
8,5.746666666666666,71,14,2.0
8,3.2676923076923075,71,14,1.7
28,12.8,71,15,13.08
28,6.779999999999999,71,15,3.7
28,11.320769230769232,71,15,5.0
28,6.021428571428571,71,15,9.299999999999999
28,0.4,71,15,0.1
28,5.584285714285714,71,15,6.3
28,5.059230769230769,71,15,3.5
28,4.91,71,15,3.7
28,3.6230769230769235,71,15,0.7
28,-0.04,71,15,0.0
25,13.291076923076924,73,27,24.680000000000003
25,10.74,73,27,6.6
25,5.359999999999999,73,27,3.5
25,4.191428571428571,73,27,11.8
25,8.823846153846153,73,27,8.9
25,8.973333333333333,73,27,5.4
25,4.28,73,27,4.7
25,3.5,73,27,1.5
25,0.73,73,27,1.3
23,12.672,73,19,16.64
23,10.273333333333333,73,19,27.900000000000002
23,3.6918181818181814,73,19,8.0
23,4.33,73,19,5.7
23,6.21,73,19,3.5
23,0.6815384615384616,73,19,2.2
23,10.406153846153847,73,19,2.2
23,2.8176923076923077,73,19,1.3
23,3.994615384615385,73,19,0.4
23,1.8836363636363636,73,19,0.0
32,3.562000000000001,86,18,1.6
32,12.080769230769231,86,18,5.1
32,2.5592307692307696,86,18,2.0
32,0.15,86,18,0.1
32,6.637692307692308,86,18,2.8
32,6.71,86,18,2.7
32,2.911538461538462,86,18,1.7
32,2.16,86,18,0.0
32,0.49000000000000005,86,18,0.0
3,18.650153846153845,86,21,16.36
3,2.7,86,21,4.6
3,21.745384615384616,86,21,43.3
3,10.07230769230769,86,21,15.9
3,11.18769230769231,86,21,8.1
3,11.89,86,21,6.3
3,3.2746153846153847,86,21,1.7
3,2.5092307692307694,86,21,0.3
6,17.857846153846154,97,9,16.36
6,10.36,97,9,4.1
6,2.8600000000000003,97,9,2.2
6,12.425384615384615,97,9,8.4
6,4.662307692307692,97,9,2.3
6,2.893076923076923,97,9,4.4
6,4.003076923076923,97,9,4.2
6,0.74,97,9,3.5
6,7.97,97,9,1.5
6,2.226153846153846,97,9,0.0
30,14.302,97,12,32.54
30,9.003846153846155,97,12,7.1
30,2.14,97,12,6.8999999999999995
30,0.5,97,12,0.4
30,3.583846153846154,97,12,11.6
30,5.88076923076923,97,12,3.4
30,3.0,97,12,2.3
30,1.58,97,12,2.2
30,1.65,97,12,1.7
30,1.5399999999999998,97,12,-0.7
30,7.46,97,12,7.6
29,14.48646153846154,92,10,15.52
29,10.67,92,10,18.8
29,5.566923076923078,92,10,2.4
29,5.242307692307692,92,10,0.3
29,5.82,92,10,11.6
29,9.119230769230768,92,10,4.9
29,4.59,92,10,4.3
29,3.3699999999999997,92,10,3.0
29,5.463333333333334,92,10,3.0
29,0.16999999999999998,92,10,1.2
29,0.9815384615384616,92,10,0.5
19,12.621538461538462,92,31,20.48
19,13.675384615384615,92,31,11.1
19,6.735454545454545,92,31,14.8
19,3.117692307692308,92,31,1.7
19,10.428666666666667,92,31,9.6
19,2.83,92,31,4.8
19,1.7076923076923078,92,31,2.6
19,5.08,92,31,1.8
19,0.5900000000000001,92,31,1.1
19,3.6409090909090907,92,31,1.0
19,5.774615384615386,92,31,0.9
16,14.326461538461537,78,2,13.56
16,19.490000000000002,78,2,10.8
16,1.4023076923076925,78,2,1.3
16,0.5700000000000001,78,2,0.1
16,5.81,78,2,6.7
16,12.615333333333332,78,2,5.1
16,2.7,78,2,4.1
16,6.942307692307692,78,2,2.4
16,2.62,78,2,0.5
16,2.540909090909091,78,2,0.0
22,16.577384615384616,78,23,14.9
22,17.108461538461537,78,23,20.700000000000003
22,5.09,78,23,9.4
22,1.55,78,23,3.3
22,4.663076923076923,78,23,1.3
22,0.6,78,23,1.2
22,2.5892307692307694,78,23,0.9
22,3.571538461538462,78,23,0.5
22,0.38,78,23,0.0
13,18.33533333333333,79,3,14.739999999999998
13,4.71,79,3,3.0
13,10.110000000000001,79,3,2.4
13,7.001818181818182,79,3,0.19999999999999998
13,10.753333333333334,79,3,6.0
13,3.27,79,3,4.4
13,6.9,79,3,4.2
13,3.75,79,3,3.6
13,2.9890909090909092,79,3,2.3
13,0.38000000000000006,79,3,2.2
7,19.253636363636364,79,5,14.4
7,8.463846153846152,79,5,6.8
7,5.529230769230769,79,5,4.7
7,10.48169230769231,79,5,2.5
7,5.793846153846154,79,5,2.2
7,7.7718181818181815,79,5,8.3
7,6.4879999999999995,79,5,1.1
7,1.1615384615384614,79,5,0.6
26,10.726,83,24,2.76
26,6.755714285714286,83,24,7.3
26,9.20923076923077,83,24,29.1
26,4.261818181818182,83,24,5.7
26,3.06,83,24,3.5
26,9.92,83,24,2.5
26,6.218181818181819,83,24,0.20000000000000018
26,0.47000000000000003,83,24,1.4
26,1.25,83,24,0.0
26,3.990769230769231,83,24,-0.1
18,15.450000000000003,83,22,7.839999999999999
18,8.862,83,22,2.96
18,1.7866666666666666,83,22,34.3
18,4.980769230769231,83,22,3.3
18,11.615384615384615,83,22,0.6
18,8.192307692307692,83,22,10.3
18,5.0346153846153845,83,22,3.6
18,5.36,83,22,3.2
18,4.9107692307692306,83,22,2.0
18,0.18,83,22,0.0
17,15.686545454545456,80,25,14.079999999999998
17,6.25,80,25,20.6
17,10.409230769230769,80,25,13.7
17,5.9799999999999995,80,25,7.4
17,11.265555555555554,80,25,5.8
17,3.6730769230769234,80,25,1.9
17,0.72,80,25,1.6
17,5.59,80,25,1.6
17,0.16999999999999998,80,25,1.2
10,20.14553846153846,80,32,41.6
10,17.894615384615385,80,32,19.4
10,2.0966666666666667,80,32,3.3
10,1.0330769230769232,80,32,0.1
10,6.38,80,32,6.7
10,1.6199999999999999,80,32,2.0
10,3.2333333333333334,80,32,1.9
10,3.043846153846154,80,32,0.7
10,6.811538461538462,80,32,0.3
19,12.621538461538462,61,1,5.68
19,6.735454545454545,61,1,17.8
19,10.428666666666667,61,1,19.3
19,13.675384615384615,61,1,2.0
19,3.117692307692308,61,1,4.4
19,0.5900000000000001,61,1,0.2
19,5.08,61,1,6.3
19,5.774615384615386,61,1,3.7
19,2.83,61,1,0.8
19,3.6409090909090907,61,1,0.7
12,14.789333333333332,61,10,15.28
12,9.360000000000001,61,10,19.4
12,4.5138461538461545,61,10,14.6
12,7.507692307692308,61,10,8.6
12,5.7446153846153845,61,10,6.1
12,3.8730769230769235,61,10,5.9
12,4.931538461538461,61,10,3.9
12,2.05,61,10,0.5
12,1.52,61,10,0.2
12,6.685076923076923,61,10,0.0
2,20.856,78,29,52.54
2,17.41923076923077,78,29,19.0
2,1.8036923076923077,78,29,3.9
2,6.529999999999999,78,29,3.2
2,0.81,78,29,1.0
2,0.03,78,29,0.2
2,12.754615384615384,78,29,12.9
2,3.513076923076923,78,29,7.1
2,1.6730769230769231,78,29,2.5
2,1.6915384615384617,78,29,1.7
2,2.5666666666666664,78,29,1.1
2,1.153076923076923,78,29,0.6
14,20.55076923076923,78,11,36.160000000000004
14,9.273076923076923,78,11,4.699999999999999
14,8.644615384615385,78,11,15.5
14,13.079999999999998,78,11,9.6
14,6.150769230769232,78,11,3.6
14,6.126153846153846,78,11,2.3
14,1.1,78,11,1.1
14,1.3776923076923075,78,11,0.7
14,4.982307692307693,78,11,3.4999999999999996
8,20.194153846153846,61,13,13.86
8,-0.16,61,13,0.0
8,3.1738461538461546,61,13,2.0
8,5.8707692307692305,61,13,4.3
8,12.232727272727272,61,13,5.0
8,3.3554545454545455,61,13,3.5
8,10.816153846153846,61,13,3.3
8,3.2676923076923075,61,13,1.4
8,3.8114285714285714,61,13,0.7
8,2.653076923076923,61,13,0.3
8,-0.24000000000000002,61,13,-0.4
8,3.2,61,13,-0.2
20,16.797272727272727,61,15,11.2
20,4.406923076923078,61,15,21.1
20,4.463636363636364,61,15,7.5
20,5.07090909090909,61,15,3.0
20,10.58923076923077,61,15,7.3
20,3.8861538461538463,61,15,7.3
20,5.005692307692308,61,15,2.4
20,3.700909090909091,61,15,2.1
20,0.74,61,15,1.0
31,13.792,78,7,39.74
31,4.493333333333334,78,7,12.6
31,2.21,78,7,3.4
31,1.31,78,7,2.9
31,3.45,78,7,2.9
31,1.5633333333333332,78,7,2.6
31,1.488181818181818,78,7,1.8
31,5.392307692307693,78,7,1.7
31,-0.15000000000000002,78,7,0.6
31,4.2,78,7,0.0
24,17.81533333333333,78,20,10.04
24,0.68,78,20,1.1
24,7.51,78,20,3.1
24,14.223333333333334,78,20,10.5
24,4.86,78,20,4.8
24,0.77,78,20,4.7
24,2.83,78,20,3.3
24,11.342727272727274,78,20,1.7
24,4.27,78,20,0.9
24,0.11000000000000001,78,20,0.7
29,14.48646153846154,90,26,13.600000000000001
29,10.67,90,26,20.6
29,5.566923076923078,90,26,4.3
29,3.3699999999999997,90,26,3.4
29,5.463333333333334,90,26,17.3
29,5.242307692307692,90,26,5.9
29,9.119230769230768,90,26,3.1
29,5.82,90,26,1.7
29,0.2633333333333333,90,26,1.1
29,0.16999999999999998,90,26,0.2
21,14.802,90,31,26.160000000000004
21,10.116,90,31,13.48
21,6.707692307692308,90,31,1.2
21,10.379999999999999,90,31,1.0
21,3.9299999999999997,90,31,7.0
21,7.033333333333333,90,31,6.1
21,4.748666666666667,90,31,4.2
21,4.45,90,31,4.0
21,1.046153846153846,90,31,3.1
21,2.7,90,31,1.6
23,12.672,70,28,20.34
23,10.273333333333333,70,28,11.7
23,3.6918181818181814,70,28,18.7
23,10.406153846153847,70,28,7.9
23,2.8176923076923077,70,28,3.8
23,3.994615384615385,70,28,2.7
23,1.8836363636363636,70,28,2.4
23,4.33,70,28,1.1
23,3.624444444444444,70,28,0.8
23,0.6815384615384616,70,28,0.7
23,6.5344444444444445,70,28,2.8
1,26.27276923076923,70,27,25.26
1,18.566363636363636,70,27,28.4
1,7.31,70,27,7.5
1,15.706923076923076,70,27,5.6
1,4.533076923076923,70,27,3.0
1,13.227692307692307,70,27,11.4
1,1.0715384615384616,70,27,1.6
1,1.6530769230769233,70,27,1.6
1,2.87,70,27,1.3
1,4.163846153846154,70,27,1.3
1,0.05,70,27,0.7
1,1.8115384615384618,70,27,0.0
27,12.611333333333333,89,9,9.1
27,3.7000000000000006,89,9,0.32
27,10.104000000000001,89,9,5.7
27,7.11923076923077,89,9,4.0
27,3.4230769230769234,89,9,1.6
27,7.992307692307692,89,9,3.4
27,4.17,89,9,3.0
27,1.3515384615384616,89,9,1.1
27,3.210769230769231,89,9,0.9
27,0.48400000000000004,89,9,0.7
27,0.37,89,9,0.3
30,14.302,89,4,8.9
30,9.003846153846155,89,4,9.0
30,2.14,89,4,1.0
30,0.5,89,4,0.5
30,3.583846153846154,89,4,4.0
30,7.46,89,4,3.1
30,3.0,89,4,1.8
30,5.88076923076923,89,4,-0.3999999999999999
30,0.26,89,4,0.5
30,1.5399999999999998,89,4,0.0
30,1.65,89,4,0.0
16,14.326461538461537,78,6,19.78
16,19.490000000000002,78,6,23.7
16,1.4023076923076925,78,6,2.5
16,0.5700000000000001,78,6,0.8
16,12.615333333333332,78,6,10.9
16,6.942307692307692,78,6,8.0
16,2.62,78,6,3.9
16,5.81,78,6,1.9
16,2.7,78,6,1.5
11,18.37492307692308,78,23,25.0
11,5.3330769230769235,78,23,1.7000000000000002
11,11.273333333333333,78,23,3.0999999999999996
11,10.618571428571428,78,23,10.1
11,12.646153846153847,78,23,8.6
11,3.4361538461538466,78,23,5.3
11,2.57,78,23,4.4
11,0.7,78,23,2.8
11,1.48,78,23,1.8
11,4.57,78,23,1.0
15,19.014,62,14,19.900000000000002
15,0.0,62,14,0.0
15,13.147272727272727,62,14,4.7
15,3.5415384615384617,62,14,4.5
15,4.43,62,14,6.5
15,8.06,62,14,7.6
15,14.738461538461538,62,14,5.2
15,5.143076923076924,62,14,4.5
15,5.802857142857143,62,14,0.20000000000000018
15,1.3615384615384616,62,14,0.0
15,4.613076923076924,62,14,0.0
28,12.8,62,17,16.8
28,11.320769230769232,62,17,36.0
28,6.021428571428571,62,17,1.7
28,6.779999999999999,62,17,4.5
28,4.2299999999999995,62,17,0.3
28,3.6230769230769235,62,17,7.0
28,5.059230769230769,62,17,6.5
28,5.584285714285714,62,17,4.6
28,4.91,62,17,0.0
5,18.934307692307694,80,18,17.04
5,20.15,80,18,20.4
5,9.083846153846155,80,18,5.1
5,6.483846153846153,80,18,3.6
5,7.320769230769231,80,18,8.1
5,2.903076923076923,80,18,4.5
5,11.147692307692306,80,18,2.4000000000000004
5,1.9115384615384614,80,18,0.6
3,18.650153846153845,80,8,25.56
3,21.745384615384616,80,8,25.6
3,2.7,80,8,4.2
3,11.18769230769231,80,8,11.700000000000001
3,10.07230769230769,80,8,9.0
3,2.5092307692307694,80,8,3.5
3,3.2746153846153847,80,8,0.3
3,11.89,80,8,6.8
22,16.577384615384616,61,5,8.819999999999999
22,17.108461538461537,61,5,11.799999999999999
22,5.09,61,5,2.0
22,3.3566666666666665,61,5,4.7
22,4.663076923076923,61,5,4.6
22,1.55,61,5,2.3
22,2.5892307692307694,61,5,2.2
22,3.571538461538462,61,5,1.7
22,1.04,61,5,0.0
13,18.33533333333333,61,2,15.58
13,10.110000000000001,61,2,24.4
13,10.753333333333334,61,2,8.2
13,4.71,61,2,0.5
13,0.35,61,2,0.2
13,3.27,61,2,3.0
13,2.9890909090909092,61,2,2.7
13,3.75,61,2,2.5
13,7.001818181818182,61,2,0.7
13,6.9,61,2,0.4
7,19.253636363636364,78,21,5.6000000000000005
7,8.463846153846152,78,21,20.1
7,10.48169230769231,78,21,6.8
7,5.793846153846154,78,21,5.5
7,7.7718181818181815,78,21,5.0
7,6.4879999999999995,78,21,3.5
7,5.529230769230769,78,21,3.4
7,0.15,78,21,0.9
7,1.1615384615384614,78,21,0.2
32,3.562000000000001,78,3,8.280000000000001
32,7.865818181818182,78,3,0.6399999999999999
32,12.080769230769231,78,3,6.1
32,2.5592307692307696,78,3,1.0
32,6.71,78,3,9.0
32,2.911538461538462,78,3,3.5
32,0.15,78,3,1.2
32,0.5281818181818181,78,3,0.9
32,6.637692307692308,78,3,0.9
32,2.16,78,3,0.8
32,0.49000000000000005,78,3,0.0
6,17.857846153846154,78,19,7.5200000000000005
6,10.36,78,19,4.9
6,12.425384615384615,78,19,5.1
6,7.97,78,19,5.1
6,4.003076923076923,78,19,3.1
6,2.8600000000000003,78,19,2.6
6,4.662307692307692,78,19,1.2
6,2.226153846153846,78,19,0.0
25,13.291076923076924,78,12,17.48
25,10.74,78,12,11.0
25,5.359999999999999,78,12,6.5
25,4.191428571428571,78,12,6.9
25,8.973333333333333,78,12,6.9
25,8.823846153846153,78,12,5.3
25,4.28,78,12,3.6
25,0.73,78,12,1.0
25,0.86,78,12,0.4
25,0.06,78,12,-0.5
4,20.794923076923073,77,30,24.019999999999996
4,17.303333333333335,77,30,9.5
4,1.48,77,30,1.8
4,12.35923076923077,77,30,11.6
4,5.406666666666666,77,30,11.2
4,13.718461538461538,77,30,5.0
4,1.3454545454545455,77,30,2.5
4,2.0138461538461536,77,30,0.9
4,4.103076923076923,77,30,0.7
4,0.3861538461538462,77,30,0.0
9,19.732,77,16,25.14
9,7.923846153846153,77,16,3.3
9,7.213846153846153,77,16,3.4
9,11.279999999999998,77,16,13.7
9,6.9923076923076914,77,16,5.4
9,8.65,77,16,7.2
9,9.777272727272727,77,16,3.7
9,4.405384615384615,77,16,3.4
9,0.6799999999999999,77,16,0.9
9,2.516153846153846,77,16,1.7
24,17.81533333333333,75,18,29.68
24,7.515714285714286,75,18,2.0
24,1.02,75,18,0.4
24,7.51,75,18,1.8
24,14.223333333333334,75,18,13.5
24,11.342727272727274,75,18,12.3
24,4.86,75,18,5.7
24,2.83,75,18,4.7
24,4.27,75,18,3.3
24,0.77,75,18,0.7
24,0.45,75,18,0.3
24,0.68,75,18,0.1
3,18.650153846153845,75,7,39.300000000000004
3,0.08,75,7,0.0
3,21.745384615384616,75,7,15.600000000000001
3,10.07230769230769,75,7,12.6
3,11.89,75,7,16.2
3,11.18769230769231,75,7,10.1
3,3.2746153846153847,75,7,1.3
3,3.2346153846153847,75,7,0.0
3,2.5092307692307694,75,7,0.0
9,17.322,66,3,6.500000000000001
9,19.732,66,3,3.04
9,2.3,66,3,2.8
9,7.923846153846153,66,3,3.0
9,9.777272727272727,66,3,11.2
9,11.279999999999998,66,3,5.9
9,7.213846153846153,66,3,3.6
9,4.405384615384615,66,3,2.9
9,6.9923076923076914,66,3,2.2
9,0.37,66,3,0.8
9,8.65,66,3,0.0
7,19.253636363636364,66,30,43.459999999999994
7,10.48169230769231,66,30,17.4
7,8.463846153846152,66,30,2.5
7,5.529230769230769,66,30,11.4
7,5.793846153846154,66,30,8.6
7,7.7718181818181815,66,30,2.3
7,1.1615384615384614,66,30,2.0
7,0.15,66,30,0.0
7,4.34,66,30,-0.2
17,15.686545454545456,78,29,24.78
17,6.25,78,29,33.599999999999994
17,0.6799999999999999,78,29,3.6999999999999997
17,0.3661538461538461,78,29,1.6
17,10.409230769230769,78,29,10.0
17,11.265555555555554,78,29,7.8
17,5.59,78,29,5.2
17,5.9799999999999995,78,29,3.8
17,3.6730769230769234,78,29,0.6
17,0.72,78,29,0.0
14,20.55076923076923,78,32,29.26
14,9.273076923076923,78,32,7.699999999999999
14,4.982307692307693,78,32,16.8
14,8.644615384615385,78,32,5.5
14,13.079999999999998,78,32,17.3
14,6.150769230769232,78,32,11.1
14,6.126153846153846,78,32,1.9
14,1.1,78,32,1.7
14,1.1076923076923078,78,32,0.4
14,1.3776923076923075,78,32,0.2
20,16.797272727272727,80,4,20.720000000000002
20,9.1,80,4,8.1
20,4.406923076923078,80,4,5.4
20,10.58923076923077,80,4,11.2
20,8.219999999999999,80,4,10.5
20,3.700909090909091,80,4,5.6
20,5.005692307692308,80,4,2.2
20,1.06,80,4,1.4
20,3.8861538461538463,80,4,1.3
27,12.611333333333333,80,13,36.36
27,10.104000000000001,80,13,3.0999999999999996
27,7.992307692307692,80,13,16.1
27,4.17,80,13,7.7
27,7.11923076923077,80,13,6.6
27,3.4230769230769234,80,13,2.7
27,0.48400000000000004,80,13,0.6
27,3.210769230769231,80,13,0.0
21,14.802,65,12,0.0
21,9.424,65,12,6.1000000000000005
21,6.707692307692308,65,12,5.699999999999999
21,10.379999999999999,65,12,1.6
21,0.32,65,12,0.3
21,10.116,65,12,2.1
21,7.033333333333333,65,12,4.0
21,4.748666666666667,65,12,2.1
21,3.9299999999999997,65,12,1.7
21,1.046153846153846,65,12,0.9
21,0.22999999999999998,65,12,0.0
6,17.857846153846154,65,26,18.96
6,10.36,65,26,23.2
6,12.425384615384615,65,26,23.2
6,4.662307692307692,65,26,6.5
6,1.42,65,26,1.1
6,2.893076923076923,65,26,5.5
6,7.97,65,26,4.4
6,25.009999999999998,65,26,3.2
6,4.003076923076923,65,26,2.5
6,2.226153846153846,65,26,0.0
6,0.27,65,26,-0.4
6,-0.008000000000000007,65,26,-0.3
26,10.726,86,9,11.48
26,6.755714285714286,86,9,5.2
26,4.261818181818182,86,9,6.6
26,3.06,86,9,2.3
26,6.218181818181819,86,9,1.8
26,3.990769230769231,86,9,1.8
26,1.25,86,9,1.3
26,9.20923076923077,86,9,0.3
26,9.92,86,9,0.0
30,14.302,86,22,24.32
30,9.003846153846155,86,22,20.0
30,13.15,86,22,3.5
30,7.46,86,22,12.1
30,2.14,86,22,1.7
30,5.88076923076923,86,22,10.9
30,1.65,86,22,2.8
30,3.0,86,22,2.4
30,3.583846153846154,86,22,1.5
30,1.58,86,22,1.1
30,1.5399999999999998,86,22,0.6
31,13.792,49,17,1.94
31,6.74,49,17,3.7
31,4.493333333333334,49,17,1.5
31,1.488181818181818,49,17,4.0
31,5.392307692307693,49,17,3.8
31,3.45,49,17,3.4
31,1.5633333333333332,49,17,1.3
31,1.31,49,17,0.8
31,0.25,49,17,0.5
31,4.2,49,17,0.0
15,19.014,49,20,15.02
15,13.147272727272727,49,20,20.2
15,3.5415384615384617,49,20,2.7
15,4.43,49,20,7.3999999999999995
15,14.738461538461538,49,20,8.1
15,8.06,49,20,8.0
15,4.613076923076924,49,20,3.8
15,5.143076923076924,49,20,2.1
15,1.3615384615384616,49,20,0.5
25,13.291076923076924,78,2,20.78
25,10.74,78,2,17.6
25,0.33999999999999997,78,2,1.7
25,5.359999999999999,78,2,1.2
25,4.28,78,2,2.7
25,4.191428571428571,78,2,13.2
25,8.823846153846153,78,2,7.4
25,8.973333333333333,78,2,5.6
25,1.35,78,2,1.2
25,0.73,78,2,0.6
25,0.37,78,2,0.6
22,16.577384615384616,78,19,18.4
22,17.108461538461537,78,19,24.0
22,1.0,78,19,2.2
22,5.09,78,19,0.7
22,4.663076923076923,78,19,5.3
22,3.571538461538462,78,19,4.5
22,3.3566666666666665,78,19,3.9
22,2.5892307692307694,78,19,3.0
11,18.37492307692308,78,15,37.1
11,11.273333333333333,78,15,4.9
11,5.3330769230769235,78,15,3.1
11,12.646153846153847,78,15,16.9
11,10.618571428571428,78,15,4.9
11,1.48,78,15,2.4
11,0.11000000000000001,78,15,1.2
11,2.57,78,15,1.2
11,5.779999999999999,78,15,10.700000000000001
8,20.194153846153846,78,6,33.660000000000004
8,3.1738461538461546,78,6,1.6
8,5.8707692307692305,78,6,7.3
8,0.4,78,6,0.4
8,12.232727272727272,78,6,11.5
8,3.2676923076923075,78,6,8.5
8,3.3554545454545455,78,6,6.4
8,2.653076923076923,78,6,5.6
8,10.816153846153846,78,6,4.0
8,3.2,78,6,2.4
8,3.87,78,6,1.7
18,15.450000000000003,71,31,12.8
18,11.615384615384615,71,31,34.5
18,1.7866666666666666,71,31,20.2
18,4.980769230769231,71,31,5.6
18,5.36,71,31,6.1
18,4.9107692307692306,71,31,5.4
18,5.0346153846153845,71,31,5.2
18,1.6630769230769231,71,31,4.9
18,8.192307692307692,71,31,3.4
18,0.18,71,31,0.0
29,14.48646153846154,71,24,29.580000000000005
29,10.67,71,24,15.7
29,5.566923076923078,71,24,1.1
29,5.82,71,24,12.8
29,9.119230769230768,71,24,11.0
29,3.3699999999999997,71,24,5.1
29,5.463333333333334,71,24,4.8
29,1.4730769230769232,71,24,2.3
29,4.59,71,24,1.2
29,0.2633333333333333,71,24,-0.1
29,5.242307692307692,71,24,3.5999999999999996
13,18.33533333333333,78,21,8.98
13,7.001818181818182,78,21,36.400000000000006
13,4.71,78,21,4.9
13,10.753333333333334,78,21,5.3
13,5.08,78,21,4.1
13,5.6466666666666665,78,21,3.9
13,2.9890909090909092,78,21,0.6
13,3.27,78,21,0.5
13,6.9,78,21,0.5
32,7.865818181818182,78,5,12.5
32,12.080769230769231,78,5,21.2
32,6.71,78,5,3.5
32,2.5592307692307696,78,5,0.1
32,2.911538461538462,78,5,5.2
32,6.637692307692308,78,5,2.8
32,2.16,78,5,2.2
32,0.15,78,5,0.5
32,0.49000000000000005,78,5,0.4
23,11.831333333333331,78,8,17.82
23,10.273333333333333,78,8,7.1
23,3.6918181818181814,78,8,1.7999999999999998
23,6.5344444444444445,78,8,2.8
23,10.406153846153847,78,8,12.5
23,4.33,78,8,5.2
23,3.994615384615385,78,8,3.4
23,2.8176923076923077,78,8,1.5
23,1.8836363636363636,78,8,1.2
23,0.6815384615384616,78,8,0.0
5,18.934307692307694,78,27,19.7
5,20.15,78,27,15.9
5,9.083846153846155,78,27,5.6
5,11.147692307692306,78,27,6.3
5,6.483846153846153,78,27,4.8
5,2.903076923076923,78,27,2.7
5,7.320769230769231,78,27,1.5
5,1.9115384615384614,78,27,0.9
5,2.1566666666666667,78,27,0.2
2,20.856,71,23,8.58
2,1.8036923076923077,71,23,2.8
2,17.41923076923077,71,23,54.1
2,0.81,71,23,1.5
2,0.45999999999999996,71,23,0.2
2,6.529999999999999,71,23,0.1
2,1.6915384615384617,71,23,6.3
2,12.754615384615384,71,23,4.7
2,2.5666666666666664,71,23,3.2
2,3.513076923076923,71,23,2.3
2,0.08,71,23,1.0
2,1.153076923076923,71,23,0.0
2,5.09,71,23,0.0
16,14.326461538461537,71,11,12.7
16,19.490000000000002,71,11,22.0
16,12.615333333333332,71,11,7.0
16,1.4023076923076925,71,11,0.30000000000000004
16,6.942307692307692,71,11,7.7
16,2.62,71,11,2.9
16,2.540909090909091,71,11,0.9
16,0.43,71,11,0.7
12,14.789333333333332,69,16,22.22
12,9.360000000000001,69,16,2.5
12,4.5138461538461545,69,16,4.7
12,6.685076923076923,69,16,1.7
12,0.53,69,16,1.4
12,7.507692307692308,69,16,11.9
12,1.43,69,16,2.1999999999999997
12,4.931538461538461,69,16,5.6
12,2.05,69,16,5.1
12,1.52,69,16,3.6
12,5.7446153846153845,69,16,2.9
12,-0.1966666666666666,69,16,1.4
12,3.8730769230769235,69,16,1.2
4,20.794923076923073,69,1,12.860000000000001
4,17.303333333333335,69,1,4.4
4,2.0138461538461536,69,1,3.3000000000000003
4,5.406666666666666,69,1,4.2
4,13.718461538461538,69,1,6.2
4,12.35923076923077,69,1,6.0
4,4.103076923076923,69,1,2.3
4,1.3454545454545455,69,1,1.0
1,26.27276923076923,65,10,28.86
1,18.566363636363636,65,10,29.5
1,1.5,65,10,2.1
1,4.533076923076923,65,10,0.6
1,15.706923076923076,65,10,5.6000000000000005
1,13.227692307692307,65,10,7.8
1,2.87,65,10,5.9
1,1.8115384615384618,65,10,3.1
1,4.163846153846154,65,10,1.3
1,7.31,65,10,0.0
19,12.621538461538462,65,28,7.800000000000001
19,13.675384615384615,65,28,19.9
19,6.735454545454545,65,28,18.7
19,10.428666666666667,65,28,6.3
19,3.117692307692308,65,28,1.4
19,3.6409090909090907,65,28,5.7
19,5.774615384615386,65,28,5.1
19,0.5900000000000001,65,28,3.2
19,5.08,65,28,2.4
19,1.8015384615384615,65,28,1.7
8,20.194153846153846,66,12,22.6
8,5.8707692307692305,66,12,9.0
8,3.1738461538461546,66,12,2.8
8,10.816153846153846,66,12,10.5
8,3.2676923076923075,66,12,6.6
8,3.3554545454545455,66,12,5.8
8,3.8114285714285714,66,12,4.4
8,3.2,66,12,2.6
8,2.653076923076923,66,12,1.2
8,-0.35,66,12,0.0
6,17.857846153846154,66,15,33.54
6,10.36,66,15,23.0
6,12.425384615384615,66,15,7.7
6,7.97,66,15,7.5
6,10.456444444444445,66,15,5.7
6,25.009999999999998,66,15,5.0
6,4.003076923076923,66,15,3.4
6,2.893076923076923,66,15,2.5
6,4.662307692307692,66,15,1.1
16,14.326461538461537,80,25,17.24
16,12.615333333333332,80,25,17.38
16,19.490000000000002,80,25,12.899999999999999
16,6.942307692307692,80,25,7.5
16,2.540909090909091,80,25,5.2
16,0.54,80,25,2.7
16,2.62,80,25,1.7
16,0.43,80,25,0.0
10,20.14553846153846,80,23,16.38
10,17.894615384615385,80,23,9.3
10,6.811538461538462,80,23,6.7
10,2.0966666666666667,80,23,0.9
10,1.0330769230769232,80,23,0.4
10,6.38,80,23,5.3
10,1.6199999999999999,80,23,3.8
10,7.799999999999999,80,23,3.7
10,3.043846153846154,80,23,2.5
10,3.2333333333333334,80,23,0.0
27,12.611333333333333,62,20,4.16
27,10.104000000000001,62,20,5.6
27,7.11923076923077,62,20,2.8
27,7.992307692307692,62,20,4.9
27,4.17,62,20,1.0
27,3.4230769230769234,62,20,3.0
27,0.48400000000000004,62,20,0.6
27,3.210769230769231,62,20,0.0
27,1.3515384615384616,62,20,0.0
27,0.85,62,20,0.0
31,13.792,62,4,15.18
31,-0.5,62,4,0.0
31,6.74,62,4,10.8
31,4.493333333333334,62,4,4.3
31,5.392307692307693,62,4,2.0
31,1.488181818181818,62,4,1.2
31,3.45,62,4,1.1
31,1.5633333333333332,62,4,0.9
31,1.31,62,4,0.0
31,-0.15000000000000002,62,4,0.39999999999999997
14,20.55076923076923,83,16,14.399999999999999
14,-0.95,83,16,0.10000000000000009
14,4.55,83,16,4.1000000000000005
14,9.273076923076923,83,16,3.0
14,4.982307692307693,83,16,13.0
14,6.126153846153846,83,16,7.7
14,6.150769230769232,83,16,7.3
14,13.079999999999998,83,16,6.2
14,8.644615384615385,83,16,3.8
14,1.3776923076923075,83,16,2.5
14,0.37,83,16,0.8
14,0.06999999999999999,83,16,0.0
4,20.794923076923073,83,29,21.6
4,17.303333333333335,83,29,42.5
4,1.48,83,29,0.8
4,13.718461538461538,83,29,10.1
4,12.35923076923077,83,29,3.4
4,4.103076923076923,83,29,2.0
4,0.3861538461538462,83,29,0.9
4,5.406666666666666,83,29,0.6
4,2.0138461538461536,83,29,0.5
4,1.3454545454545455,83,29,0.0
4,0.16399999999999998,83,29,-0.3
19,12.621538461538462,77,22,21.08
19,13.675384615384615,77,22,8.1
19,6.735454545454545,77,22,4.7
19,5.08,77,22,10.5
19,10.428666666666667,77,22,7.2
19,3.117692307692308,77,22,5.9
19,1.5254545454545454,77,22,4.4
19,1.8015384615384615,77,22,1.9
19,5.774615384615386,77,22,1.8
19,3.6409090909090907,77,22,1.8
19,1.7076923076923078,77,22,0.6
19,0.05,77,22,0.0
26,10.726,77,10,18.42
26,9.20923076923077,77,10,35.099999999999994
26,6.755714285714286,77,10,7.9
26,6.218181818181819,77,10,12.3
26,9.92,77,10,2.0
26,0.47000000000000003,77,10,1.5
26,3.06,77,10,1.4
26,1.25,77,10,1.0
26,-0.041538461538461524,77,10,0.4
26,4.261818181818182,77,10,0.0
30,14.302,58,28,26.599999999999998
30,9.003846153846155,58,28,12.2
30,2.14,58,28,0.8
30,0.5,58,28,0.6
30,5.88076923076923,58,28,7.6
30,3.583846153846154,58,28,7.0
30,1.5399999999999998,58,28,6.8
30,1.58,58,28,6.5
30,7.46,58,28,5.5
30,1.65,58,28,2.7
30,0.26,58,28,0.0
30,3.0,58,28,0.0
1,26.27276923076923,58,9,21.82
1,18.566363636363636,58,9,21.4
1,15.706923076923076,58,9,8.7
1,13.227692307692307,58,9,10.0
1,7.31,58,9,7.8
1,4.163846153846154,58,9,2.1
1,1.0715384615384616,58,9,1.5
1,4.533076923076923,58,9,1.3
1,1.5,58,9,1.3
1,2.87,58,9,0.5
1,1.8115384615384618,58,9,0.0
1,1.6530769230769233,58,9,0.0
15,19.014,78,19,26.68
15,13.147272727272727,78,19,5.9
15,3.5415384615384617,78,19,5.199999999999999
15,4.43,78,19,3.8
15,14.738461538461538,78,19,14.0
15,2.32,78,19,8.9
15,5.143076923076924,78,19,7.6
15,4.613076923076924,78,19,6.8
15,1.3615384615384616,78,19,0.8
25,13.291076923076924,78,17,15.22
25,10.74,78,17,8.5
25,5.359999999999999,78,17,26.2
25,4.28,78,17,2.3
25,8.823846153846153,78,17,9.8
25,4.191428571428571,78,17,4.2
25,8.973333333333333,78,17,0.8
12,14.789333333333332,72,24,11.22
12,6.685076923076923,72,24,1.0
12,9.360000000000001,72,24,6.6000000000000005
12,4.5138461538461545,72,24,5.800000000000001
12,5.7446153846153845,72,24,6.6
12,7.507692307692308,72,24,5.8
12,4.931538461538461,72,24,5.5
12,1.43,72,24,2.0
12,3.8730769230769235,72,24,1.6
12,1.52,72,24,1.0
12,2.05,72,24,0.8
12,1.5766666666666667,72,24,0.7
12,0.53,72,24,0.7
18,15.450000000000003,72,1,17.98
18,1.7866666666666666,72,1,7.699999999999999
18,4.980769230769231,72,1,4.2
18,11.615384615384615,72,1,0.2
18,8.192307692307692,72,1,6.9
18,5.0346153846153845,72,1,6.9
18,5.36,72,1,6.6
18,0.82,72,1,6.1
18,1.33,72,1,2.6
18,4.9107692307692306,72,1,2.2
18,1.6630769230769231,72,1,0.8
18,-0.37,72,1,-1.1
21,14.802,87,32,7.1
21,6.707692307692308,87,32,6.3
21,10.379999999999999,87,32,11.5
21,0.32,87,32,0.2
21,10.116,87,32,4.3
21,4.748666666666667,87,32,3.0
21,1.046153846153846,87,32,2.6
21,7.033333333333333,87,32,1.7
21,0.22999999999999998,87,32,0.0
21,3.9299999999999997,87,32,0.0
17,15.686545454545456,87,26,12.92
17,14.258181818181818,87,26,11.5
17,11.265555555555554,87,26,11.2
17,10.409230769230769,87,26,4.4
17,3.6730769230769234,87,26,4.3
17,0.3661538461538461,87,26,2.4
17,0.6799999999999999,87,26,0.3
17,0.72,87,26,0.0
29,14.48646153846154,75,8,13.22
29,10.67,75,8,4.1
29,5.242307692307692,75,8,5.7
29,5.566923076923078,75,8,0.1
29,3.3699999999999997,75,8,7.1
29,5.463333333333334,75,8,4.3
29,4.59,75,8,4.1
29,9.119230769230768,75,8,2.0
29,5.82,75,8,1.0
29,0.9815384615384616,75,8,0.0
5,18.934307692307694,75,31,21.360000000000003
5,20.15,75,31,24.0
5,9.083846153846155,75,31,5.9
5,11.147692307692306,75,31,9.5
5,7.320769230769231,75,31,4.8
5,6.483846153846153,75,31,6.6
5,2.903076923076923,75,31,1.9
5,1.9115384615384614,75,31,1.3
5,0.0,75,31,0.0
32,7.865818181818182,79,27,10.5
32,12.080769230769231,79,27,31.1
32,6.71,79,27,9.0
32,6.637692307692308,79,27,3.5
32,2.16,79,27,2.3
32,0.5281818181818181,79,27,1.1
32,2.911538461538462,79,27,0.0
32,2.5592307692307696,79,27,-0.1
23,11.831333333333331,79,21,26.66
23,3.6918181818181814,79,21,9.1
23,10.273333333333333,79,21,6.1
23,2.8176923076923077,79,21,8.7
23,3.624444444444444,79,21,-1.0999999999999999
23,10.406153846153847,79,21,8.3
23,1.8836363636363636,79,21,6.1
23,4.33,79,21,4.7
23,3.994615384615385,79,21,3.3
23,0.25,79,21,1.0
23,0.54,79,21,0.7
3,18.650153846153845,53,5,14.34
3,21.745384615384616,53,5,47.3
3,11.18769230769231,53,5,14.5
3,3.2346153846153847,53,5,4.9
3,11.89,53,5,9.0
3,2.5092307692307694,53,5,2.6
3,3.2746153846153847,53,5,2.4
3,0.15,53,5,1.4
13,18.33533333333333,53,18,19.92
13,10.110000000000001,53,18,12.7
13,7.001818181818182,53,18,19.5
13,10.753333333333334,53,18,10.4
13,2.9890909090909092,53,18,4.3
13,5.6466666666666665,53,18,3.8
13,5.08,53,18,0.1
13,3.27,53,18,0.0
13,0.35,53,18,0.0
24,17.81533333333333,79,13,14.14
24,7.51,79,13,5.6
24,11.342727272727274,79,13,11.6
24,1.02,79,13,1.4
24,0.68,79,13,0.1
24,14.223333333333334,79,13,11.6
24,4.86,79,13,4.1
24,2.83,79,13,2.1
24,0.77,79,13,0.7
24,0.45,79,13,0.5
24,4.27,79,13,0.0
20,16.797272727272727,79,7,21.04
20,9.1,79,7,1.4
20,4.406923076923078,79,7,7.1000000000000005
20,10.58923076923077,79,7,11.0
20,0.37,79,7,4.8
20,5.005692307692308,79,7,4.5
20,8.219999999999999,79,7,3.9
20,3.8861538461538463,79,7,1.6
20,3.700909090909091,79,7,0.4
20,5.07090909090909,79,7,-0.1
22,16.577384615384616,78,6,11.72
22,17.108461538461537,78,6,8.4
22,1.0,78,6,1.0
22,3.3566666666666665,78,6,5.5
22,5.09,78,6,4.4
22,0.38,78,6,3.2
22,1.55,78,6,1.9
22,1.04,78,6,1.1
22,4.663076923076923,78,6,0.8
22,3.571538461538462,78,6,0.6
22,2.5892307692307694,78,6,0.3
11,18.37492307692308,78,2,21.0
11,5.3330769230769235,78,2,11.899999999999999
11,5.779999999999999,78,2,5.3
11,12.646153846153847,78,2,13.1
11,2.57,78,2,6.5
11,10.618571428571428,78,2,1.5
11,3.4361538461538466,78,2,1.1
11,1.48,78,2,0.9
11,0.1677777777777778,78,2,0.0
28,12.8,78,11,19.7
28,6.021428571428571,78,11,6.2
28,4.2299999999999995,78,11,12.9
28,11.320769230769232,78,11,4.2
28,6.779999999999999,78,11,5.5
28,5.584285714285714,78,11,5.0
28,2.7399999999999998,78,11,4.7
28,5.059230769230769,78,11,2.1
28,3.6230769230769235,78,11,1.5
28,0.3,78,11,0.6
2,20.856,78,14,26.720000000000002
2,10.835555555555555,78,14,31.3
2,17.41923076923077,78,14,3.9
2,1.8036923076923077,78,14,14.3
2,5.09,78,14,11.1
2,12.754615384615384,78,14,7.4
2,2.5666666666666664,78,14,5.1
2,3.513076923076923,78,14,3.0
2,1.6915384615384617,78,14,2.4
2,1.6730769230769231,78,14,1.7
2,-0.18,78,14,-0.3
20,16.797272727272727,70,23,24.519999999999996
20,4.406923076923078,70,23,5.1
20,4.463636363636364,70,23,18.9
20,5.005692307692308,70,23,9.1
20,8.219999999999999,70,23,7.4
20,10.58923076923077,70,23,4.3
20,3.700909090909091,70,23,2.6
20,-0.2,70,23,1.1
20,3.8861538461538463,70,23,0.7
16,14.326461538461537,70,13,9.24
16,19.490000000000002,70,13,34.9
16,1.4023076923076925,70,13,4.2
16,2.7,70,13,5.2
16,12.615333333333332,70,13,4.4
16,6.942307692307692,70,13,3.7
16,0.43,70,13,2.4
16,0.54,70,13,0.0
10,20.14553846153846,52,14,21.3
10,17.894615384615385,52,14,6.6
10,6.811538461538462,52,14,3.7
10,6.38,52,14,7.4
10,5.8966666666666665,52,14,4.8
10,3.2333333333333334,52,14,4.3
10,3.043846153846154,52,14,0.3
10,0.02,52,14,0.2
28,12.8,52,25,15.82
28,11.320769230769232,52,25,9.7
28,4.2299999999999995,52,25,1.7000000000000002
28,2.7399999999999998,52,25,1.9
28,0.76,52,25,0.0
28,5.584285714285714,52,25,3.3000000000000003
28,3.6230769230769235,52,25,4.8
28,5.059230769230769,52,25,3.6
28,4.91,52,25,2.0
28,0.3,52,25,1.2
28,0.62,52,25,0.0
4,20.794923076923073,51,32,18.559999999999995
4,17.303333333333335,51,32,36.900000000000006
4,1.48,51,32,0.2
4,12.35923076923077,51,32,11.1
4,13.718461538461538,51,32,10.5
4,5.406666666666666,51,32,6.8
4,0.3861538461538462,51,32,3.5
4,4.103076923076923,51,32,2.6
4,2.0138461538461536,51,32,0.7
4,0.27999999999999997,51,32,0.0
4,1.3454545454545455,51,32,0.0
4,0.42000000000000004,51,32,0.0
17,15.686545454545456,51,16,17.16
17,14.258181818181818,51,16,20.4
17,11.265555555555554,51,16,8.5
17,10.409230769230769,51,16,6.2
17,3.6730769230769234,51,16,5.4
17,0.3661538461538461,51,16,0.8
17,1.5854545454545454,51,16,0.0
17,0.6799999999999999,51,16,-0.2
13,18.33533333333333,52,31,20.880000000000003
13,10.110000000000001,52,31,5.9
13,4.71,52,31,7.0
13,7.001818181818182,52,31,2.6
13,10.753333333333334,52,31,2.0
13,5.6466666666666665,52,31,5.2
13,5.08,52,31,9.1
13,2.3,52,31,2.3
13,3.27,52,31,1.1
13,3.75,52,31,0.5
29,14.48646153846154,52,5,4.779999999999999
29,10.67,52,5,5.9
29,5.242307692307692,52,5,5.1
29,4.59,52,5,3.1
29,3.3699999999999997,52,5,1.8
29,9.119230769230768,52,5,1.0
29,5.566923076923078,52,5,0.8
29,0.2633333333333333,52,5,0.7
29,5.463333333333334,52,5,0.6
29,5.82,52,5,0.0
9,17.322,78,29,30.7
9,7.923846153846153,78,29,10.6
9,9.777272727272727,78,29,8.4
9,2.3,78,29,1.9000000000000001
9,7.213846153846153,78,29,8.2
9,8.65,78,29,6.2
9,11.279999999999998,78,29,5.8
9,6.9923076923076914,78,29,5.6
9,4.405384615384615,78,29,1.5
9,0.37,78,29,0.5
14,20.55076923076923,78,30,27.5
14,9.273076923076923,78,30,4.1
14,4.982307692307693,78,30,14.1
14,13.079999999999998,78,30,14.4
14,6.126153846153846,78,30,7.1
14,8.644615384615385,78,30,4.7
14,6.150769230769232,78,30,4.6
14,1.1076923076923078,78,30,3.3
14,0.13,78,30,0.9
8,20.194153846153846,60,22,22.74
8,11.84,60,22,9.3
8,5.8707692307692305,60,22,3.5
8,-0.35,60,22,-0.7
8,2.653076923076923,60,22,4.3
8,3.2676923076923075,60,22,5.5
8,3.2,60,22,5.2
8,3.87,60,22,3.4
8,3.3554545454545455,60,22,2.4
8,3.8114285714285714,60,22,0.2
8,10.816153846153846,60,22,7.0
26,10.726,60,15,18.0
26,6.755714285714286,60,15,5.9
26,9.20923076923077,60,15,5.2
26,3.06,60,15,9.4
26,9.92,60,15,5.7
26,3.990769230769231,60,15,5.6
26,6.218181818181819,60,15,3.9
26,0.9400000000000001,60,15,1.3
26,4.261818181818182,60,15,-1.1
32,7.865818181818182,78,7,7.6
32,12.080769230769231,78,7,16.9
32,2.5592307692307696,78,7,0.4
32,0.15,78,7,0.2
32,6.71,78,7,7.7
32,2.911538461538462,78,7,6.9
32,6.637692307692308,78,7,3.9
32,0.5281818181818181,78,7,2.6
32,0.49000000000000005,78,7,0.9
32,2.16,78,7,0.5
24,17.81533333333333,78,21,22.619999999999997
24,7.51,78,21,27.8
24,0.68,78,21,2.0
24,11.342727272727274,78,21,4.2
24,0.77,78,21,0.1
24,14.223333333333334,78,21,12.3
24,2.83,78,21,3.8
24,4.86,78,21,3.7
24,4.27,78,21,0.0
24,1.02,78,21,-0.4
7,19.253636363636364,89,26,27.34
7,8.463846153846152,89,26,4.9
7,10.48169230769231,89,26,22.1
7,5.529230769230769,89,26,11.9
7,0.15,89,26,0.8
7,7.7718181818181815,89,26,6.4
7,6.4879999999999995,89,26,2.9
7,5.793846153846154,89,26,2.3
7,0.2,89,26,0.0
21,9.424,89,3,24.0
21,6.707692307692308,89,3,11.9
21,10.379999999999999,89,3,5.800000000000001
21,4.748666666666667,89,3,5.9
21,1.6266666666666665,89,3,4.9
21,7.033333333333333,89,3,3.5
21,3.9299999999999997,89,3,3.2
21,1.046153846153846,89,3,1.1
21,4.45,89,3,0.0
21,10.116,89,3,15.0
31,13.792,78,6,5.359999999999999
31,3.21,78,6,2.6399999999999997
31,6.74,78,6,9.4
31,4.493333333333334,78,6,0.9
31,3.45,78,6,4.3
31,5.392307692307693,78,6,3.5
31,1.488181818181818,78,6,2.0
31,1.31,78,6,2.0
31,-0.15000000000000002,78,6,-1.8
31,0.8300000000000001,78,6,0.0
11,18.37492307692308,78,20,5.28
11,12.646153846153847,78,20,6.3
11,11.273333333333333,78,20,7.1
11,5.3330769230769235,78,20,4.3
11,10.618571428571428,78,20,3.3
11,5.779999999999999,78,20,3.3
11,1.48,78,20,0.6
11,2.57,78,20,0.0
5,18.934307692307694,51,24,14.280000000000001
5,0.18,51,24,0.12
5,20.15,51,24,51.0
5,9.083846153846155,51,24,6.0
5,11.147692307692306,51,24,10.3
5,7.320769230769231,51,24,1.4
5,2.6,51,24,1.2000000000000002
5,6.483846153846153,51,24,11.9
5,2.903076923076923,51,24,0.5
18,15.450000000000003,51,8,10.32
18,4.980769230769231,51,8,10.9
18,1.7866666666666666,51,8,3.4
18,11.615384615384615,51,8,2.5
18,1.6,51,8,8.2
18,5.0346153846153845,51,8,5.5
18,8.192307692307692,51,8,1.1
18,4.9107692307692306,51,8,0.9
18,0.18,51,8,0.8
3,18.650153846153845,25,10,7.4399999999999995
3,21.745384615384616,25,10,46.5
3,2.7,25,10,2.4
3,11.18769230769231,25,10,12.1
3,11.89,25,10,1.2
3,10.07230769230769,25,10,5.3
3,3.2746153846153847,25,10,2.4
3,3.2346153846153847,25,10,-0.2
19,12.621538461538462,25,18,19.480000000000004
19,6.735454545454545,25,18,2.2
19,13.675384615384615,25,18,6.6
19,3.117692307692308,25,18,2.9
19,10.428666666666667,25,18,11.5
19,5.774615384615386,25,18,5.8
19,5.08,25,18,5.7
19,3.6409090909090907,25,18,2.3
19,1.8015384615384615,25,18,0.7
19,0.05,25,18,0.0
19,-0.1,25,18,-0.1
12,14.789333333333332,66,4,11.92
12,9.360000000000001,66,4,29.4
12,6.42,66,4,4.2
12,6.685076923076923,66,4,2.2
12,4.5138461538461545,66,4,1.9000000000000001
12,5.7446153846153845,66,4,9.3
12,4.931538461538461,66,4,6.0
12,7.507692307692308,66,4,2.8
12,3.8730769230769235,66,4,2.0
12,1.43,66,4,1.2
12,1.52,66,4,0.7
12,1.5766666666666667,66,4,0.0
27,12.611333333333333,66,1,7.18
27,10.104000000000001,66,1,2.6
27,7.11923076923077,66,1,1.4
27,3.4230769230769234,66,1,3.3
27,2.8966666666666665,66,1,2.5
27,7.992307692307692,66,1,2.4
27,4.17,66,1,1.3
27,3.210769230769231,66,1,1.2
30,14.302,78,2,10.16
30,9.003846153846155,78,2,7.0
30,0.7,78,2,1.0
30,3.583846153846154,78,2,2.0999999999999996
30,7.46,78,2,3.8
30,1.65,78,2,2.9
30,1.53,78,2,0.7
30,5.88076923076923,78,2,0.0
30,1.5399999999999998,78,2,0.0
30,1.58,78,2,-0.3
22,16.577384615384616,78,9,35.519999999999996
22,17.108461538461537,78,9,23.700000000000003
22,5.09,78,9,1.9
22,1.0,78,9,0.4
22,4.663076923076923,78,9,10.1
22,3.571538461538462,78,9,2.7
22,3.3566666666666665,78,9,2.1
22,0.38,78,9,1.4
22,0.1,78,9,0.3
22,1.55,78,9,0.1
22,2.5892307692307694,78,9,0.0
22,1.04,78,9,0.0
1,26.27276923076923,45,12,26.979999999999997
1,18.566363636363636,45,12,18.5
1,4.533076923076923,45,12,1.4
1,1.6530769230769233,45,12,0.1
1,15.706923076923076,45,12,14.2
1,13.227692307692307,45,12,6.1
1,4.163846153846154,45,12,1.9
1,1.0715384615384616,45,12,-0.2
1,7.31,45,12,1.7
6,17.857846153846154,45,28,27.8
6,10.36,45,28,34.6
6,12.425384615384615,45,28,9.2
6,1.42,45,28,1.6
6,10.456444444444445,45,28,6.1000000000000005
6,4.662307692307692,45,28,1.6
6,7.97,45,28,9.7
6,4.003076923076923,45,28,7.8
6,25.009999999999998,45,28,4.2
6,2.226153846153846,45,28,0.3
23,11.831333333333331,37,17,17.900000000000002
23,3.624444444444444,37,17,8.7
23,10.273333333333333,37,17,18.1
23,6.5344444444444445,37,17,13.1
23,4.33,37,17,3.7
23,10.406153846153847,37,17,3.0
23,2.8176923076923077,37,17,1.0
23,3.994615384615385,37,17,2.2
15,19.014,37,27,28.4
15,13.147272727272727,37,27,4.1
15,3.5415384615384617,37,27,3.9
15,4.43,37,27,14.2
15,14.738461538461538,37,27,13.2
15,5.143076923076924,37,27,10.4
15,4.613076923076924,37,27,10.3
15,1.3615384615384616,37,27,3.7
15,2.32,37,27,1.9
15,0.11000000000000001,37,27,1.0
19,12.621538461538462,78,21,8.840000000000002
19,10.428666666666667,78,21,15.32
19,13.675384615384615,78,21,21.6
19,6.735454545454545,78,21,15.7
19,5.08,78,21,4.2
19,5.774615384615386,78,21,2.8
19,1.8015384615384615,78,21,1.2
19,3.117692307692308,78,21,-0.1
32,7.865818181818182,78,10,3.16
32,12.080769230769231,78,10,7.0
32,2.5592307692307696,78,10,2.1
32,0.49000000000000005,78,10,1.5
32,6.71,78,10,5.7
32,6.637692307692308,78,10,4.0
32,2.16,78,10,3.4
32,2.911538461538462,78,10,1.2
27,12.611333333333333,66,8,15.280000000000001
27,7.11923076923077,66,8,15.5
27,10.104000000000001,66,8,18.5
27,0.22999999999999998,66,8,0.2
27,3.4230769230769234,66,8,10.1
27,3.210769230769231,66,8,1.1
27,1.3515384615384616,66,8,1.1
27,7.992307692307692,66,8,1.0
27,4.17,66,8,0.8
27,0.79,66,8,0.0
5,18.934307692307694,66,4,20.14
5,9.083846153846155,66,4,6.800000000000001
5,7.320769230769231,66,4,5.8
5,2.6,66,4,1.4000000000000001
5,6.483846153846153,66,4,11.8
5,11.147692307692306,66,4,7.2
5,2.1566666666666667,66,4,1.3
5,2.903076923076923,66,4,1.1
5,1.9115384615384614,66,4,0.0
31,2.250000000000001,78,15,-1.0
31,4.493333333333334,78,15,10.6
31,2.21,78,15,7.0
31,6.74,78,15,0.1
31,3.45,78,15,7.1
31,5.392307692307693,78,15,2.7
31,1.488181818181818,78,15,-0.6000000000000001
31,1.31,78,15,1.3
31,1.5633333333333332,78,15,0.8
8,20.194153846153846,78,20,22.740000000000002
8,11.84,78,20,27.900000000000002
8,5.8707692307692305,78,20,4.2
8,3.1738461538461546,78,20,5.3999999999999995
8,3.2676923076923075,78,20,4.0
8,10.816153846153846,78,20,3.1
8,12.232727272727272,78,20,2.5
8,3.8114285714285714,78,20,1.7
8,3.87,78,20,0.7
8,-0.16,78,20,-0.4
6,17.857846153846154,44,3,21.68
6,12.425384615384615,44,3,9.7
6,1.42,44,3,3.6
6,10.36,44,3,1.5000000000000002
6,4.662307692307692,44,3,-1.6
6,25.009999999999998,44,3,10.0
6,4.003076923076923,44,3,6.3
6,10.456444444444445,44,3,3.6
6,2.893076923076923,44,3,0.8
6,2.226153846153846,44,3,0.0
7,19.253636363636364,44,12,37.42
7,8.463846153846152,44,12,16.8
7,10.48169230769231,44,12,8.3
7,5.793846153846154,44,12,12.6
7,0.8800000000000001,44,12,6.4
7,6.4879999999999995,44,12,3.5
7,5.529230769230769,44,12,2.6
7,7.7718181818181815,44,12,0.4
7,0.11000000000000001,44,12,0.0
7,0.4815384615384616,44,12,0.0
7,1.1615384615384614,44,12,0.0
18,15.450000000000003,79,30,20.900000000000002
18,11.615384615384615,79,30,20.0
18,8.192307692307692,79,30,9.7
18,5.0346153846153845,79,30,5.2
18,1.6,79,30,2.3
18,4.9107692307692306,79,30,1.4
18,2.65,79,30,0.6
18,4.980769230769231,79,30,1.9
9,17.322,79,24,26.1
9,7.923846153846153,79,24,3.0
9,2.3,79,24,14.8
9,9.777272727272727,79,24,15.3
9,2.516153846153846,79,24,1.9000000000000001
9,11.279999999999998,79,24,10.7
9,8.65,79,24,6.7
9,6.9923076923076914,79,24,5.9
9,7.213846153846153,79,24,3.7
9,4.405384615384615,79,24,0.2999999999999998
9,0.37,79,24,1.5
9,0.06999999999999999,79,24,0.6
10,20.14553846153846,49,13,23.659999999999997
10,3.043846153846154,49,13,7.1
10,17.894615384615385,49,13,8.0
10,7.799999999999999,49,13,14.5
10,6.38,49,13,6.2
10,3.2333333333333334,49,13,6.1
10,6.811538461538462,49,13,2.9
10,0.1,49,13,0.8
10,5.8966666666666665,49,13,0.5
20,16.797272727272727,49,25,18.7
20,4.406923076923078,49,25,3.7
20,5.07090909090909,49,25,1.7
20,4.463636363636364,49,25,2.2
20,10.58923076923077,49,25,13.8
20,8.219999999999999,49,25,8.8
20,3.8861538461538463,49,25,4.3
20,5.005692307692308,49,25,2.0
24,17.81533333333333,46,22,17.54
24,7.51,46,22,32.3
24,1.02,46,22,2.3
24,0.68,46,22,0.4
24,14.223333333333334,46,22,11.0
24,4.27,46,22,3.4
24,0.19,46,22,2.3
24,4.86,46,22,1.6
24,2.83,46,22,1.1
24,11.342727272727274,46,22,2.5999999999999996
26,10.726,46,7,18.04
26,9.20923076923077,46,7,5.0
26,6.755714285714286,46,7,2.5
26,1.9615384615384617,46,7,7.300000000000001
26,6.218181818181819,46,7,4.4
26,3.990769230769231,46,7,4.2
26,-0.041538461538461524,46,7,2.1
26,2.33,46,7,0.9
26,0.9400000000000001,46,7,0.0
26,3.06,46,7,0.0
26,1.25,46,7,0.0
26,0.25,46,7,0.0
26,0.47000000000000003,46,7,-0.5
25,13.291076923076924,89,26,17.58
25,10.74,89,26,17.900000000000002
25,5.359999999999999,89,26,17.0
25,4.191428571428571,89,26,6.6
25,0.32999999999999996,89,26,1.3
25,3.5,89,26,4.8
25,8.823846153846153,89,26,3.7
25,8.973333333333333,89,26,2.9
25,0.86,89,26,2.6
25,0.73,89,26,0.8
21,9.424,89,19,17.76
21,10.379999999999999,89,19,20.7
21,6.707692307692308,89,19,3.3
21,10.116,89,19,3.6
21,4.748666666666667,89,19,8.4
21,1.046153846153846,89,19,4.4
21,3.9299999999999997,89,19,3.2
21,1.6266666666666665,89,19,2.3
21,7.033333333333333,89,19,0.5
11,18.37492307692308,68,9,10.86
11,11.273333333333333,68,9,21.9
11,5.3330769230769235,68,9,2.8
11,10.618571428571428,68,9,6.8
11,12.646153846153847,68,9,5.0
11,0.1677777777777778,68,9,1.9
11,5.779999999999999,68,9,0.3
11,3.4361538461538466,68,9,0.0
30,9.05,68,6,9.040000000000001
30,14.302,68,6,1.4399999999999995
30,9.003846153846155,68,6,6.8
30,0.7,68,6,0.4
30,0.06999999999999999,68,6,0.2
30,5.88076923076923,68,6,7.6
30,1.5399999999999998,68,6,3.1
30,3.583846153846154,68,6,2.1
30,7.46,68,6,1.7
30,1.53,68,6,1.7
30,0.2966666666666667,68,6,0.8
30,0.26,68,6,0.5
2,20.856,54,1,16.78
2,17.41923076923077,54,1,19.5
2,1.8036923076923077,54,1,1.5
2,10.835555555555555,54,1,4.2
2,12.754615384615384,54,1,6.9
2,5.09,54,1,4.4
2,3.513076923076923,54,1,4.3
2,2.38,54,1,3.5
12,14.789333333333332,54,11,19.56
12,6.685076923076923,54,11,13.1
12,9.360000000000001,54,11,4.8
12,4.931538461538461,54,11,3.5999999999999996
12,1.43,54,11,2.3
12,4.5138461538461545,54,11,2.4
12,2.05,54,11,0.1
12,7.507692307692308,54,11,13.4
12,5.7446153846153845,54,11,6.6
12,1.52,54,11,0.8
12,3.8730769230769235,54,11,0.8
12,1.5766666666666667,54,11,0.0
12,6.42,54,11,0.0
22,16.577384615384616,52,14,26.22
22,17.108461538461537,52,14,4.2
22,0.1,52,14,0.7
22,3.571538461538462,52,14,8.1
22,2.5892307692307694,52,14,7.4
22,4.663076923076923,52,14,5.6
22,3.3566666666666665,52,14,2.5
22,1.04,52,14,1.6
22,0.95,52,14,1.2
22,1.55,52,14,0.0
22,3.6,52,14,0.0
22,0.38,52,14,0.0
28,12.8,52,2,12.72
28,11.320769230769232,52,2,10.700000000000001
28,4.2299999999999995,52,2,5.6
28,0.76,52,2,0.2
28,5.059230769230769,52,2,4.3
28,4.91,52,2,4.2
28,2.7399999999999998,52,2,2.2
28,0.62,52,2,2.0
3,18.650153846153845,62,27,16.479999999999997
3,2.7,62,27,7.1
3,21.745384615384616,62,27,32.6
3,10.07230769230769,62,27,7.1000000000000005
3,11.18769230769231,62,27,8.4
3,0.1,62,27,0.1
3,3.2346153846153847,62,27,1.9
3,0.85,62,27,1.7
3,2.5092307692307694,62,27,0.0
3,3.2746153846153847,62,27,-0.5
23,11.831333333333331,62,18,6.100000000000001
23,3.624444444444444,62,18,7.800000000000001
23,3.6918181818181814,62,18,2.5
23,10.273333333333333,62,18,-0.5
23,10.406153846153847,62,18,9.8
23,6.5344444444444445,62,18,2.4
23,1.8836363636363636,62,18,0.6
23,4.33,62,18,0.5
23,3.994615384615385,62,18,0.0
23,0.6815384615384616,62,18,0.0
23,2.8176923076923077,62,18,1.3
17,15.686545454545456,59,28,7.92
17,8.703333333333333,59,28,2.06
17,14.258181818181818,59,28,5.1
17,0.6799999999999999,59,28,1.0
17,11.265555555555554,59,28,11.7
17,1.5854545454545454,59,28,3.0
17,10.409230769230769,59,28,2.7
17,3.6730769230769234,59,28,1.3
17,5.59,59,28,0.0
17,-0.15384615384615385,59,28,0.0
17,0.96,59,28,0.0
17,0.3661538461538461,59,28,-0.1
1,26.27276923076923,59,32,32.82
1,18.566363636363636,59,32,26.1
1,4.533076923076923,59,32,8.9
1,15.706923076923076,59,32,7.6
1,13.227692307692307,59,32,9.5
1,7.31,59,32,7.4
1,2.87,59,32,1.7
1,1.8115384615384618,59,32,1.3
1,4.163846153846154,59,32,0.6
16,14.326461538461537,78,29,20.66
16,19.490000000000002,78,29,21.4
16,5.81,78,29,2.6
16,0.56,78,29,0.2
16,6.942307692307692,78,29,16.7
16,2.62,78,29,1.1
16,2.1314285714285717,78,29,1.1
16,0.43,78,29,0.0
16,12.615333333333332,78,29,14.200000000000001
14,20.55076923076923,78,23,19.26
14,9.273076923076923,78,23,20.2
14,4.982307692307693,78,23,4.5
14,13.079999999999998,78,23,8.4
14,1.3776923076923075,78,23,6.3
14,6.126153846153846,78,23,4.8
14,8.644615384615385,78,23,4.3
14,1.1076923076923078,78,23,2.4
14,6.150769230769232,78,23,2.1
14,0.37,78,23,0.8
14,0.06999999999999999,78,23,0.7
21,9.424,78,6,7.640000000000001
21,4.748666666666667,78,6,9.42
21,10.379999999999999,78,6,21.5
21,6.707692307692308,78,6,5.8
21,0.32,78,6,0.5
21,4.45,78,6,13.4
21,3.9299999999999997,78,6,3.6
21,1.046153846153846,78,6,1.4
21,0.22999999999999998,78,6,0.0
11,18.37492307692308,78,26,30.96
11,11.273333333333333,78,26,25.3
11,5.3330769230769235,78,26,4.2
11,10.618571428571428,78,26,12.4
11,12.646153846153847,78,26,8.2
11,3.4361538461538466,78,26,2.9
11,0.1677777777777778,78,26,0.4
11,-0.1,78,26,-0.1
20,16.797272727272727,48,9,22.639999999999997
20,5.07090909090909,48,9,6.699999999999999
20,4.406923076923078,48,9,6.6
20,5.005692307692308,48,9,6.300000000000001
20,4.463636363636364,48,9,0.5
20,3.700909090909091,48,9,9.3
20,8.219999999999999,48,9,3.5
20,3.8861538461538463,48,9,3.2
20,10.58923076923077,48,9,2.6
20,0.74,48,9,0.0
30,14.302,48,13,19.74
30,1.7866666666666666,48,13,1.1
30,7.46,48,13,4.0
30,9.003846153846155,48,13,9.0
30,5.88076923076923,48,13,5.4
30,1.5399999999999998,48,13,4.1
30,1.53,48,13,3.7
30,3.583846153846154,48,13,-0.19999999999999996
30,0.8699999999999999,48,13,1.3
30,0.2966666666666667,48,13,0.9
26,10.726,48,3,12.32
26,9.20923076923077,48,3,3.8
26,1.9615384615384617,48,3,2.2
26,2.33,48,3,6.1
26,3.06,48,3,3.0
26,3.990769230769231,48,3,1.6
26,0.25,48,3,1.4
26,0.9400000000000001,48,3,0.7
7,19.253636363636364,48,22,21.9
7,8.463846153846152,48,22,20.1
7,10.48169230769231,48,22,11.0
7,6.4879999999999995,48,22,4.4
7,5.529230769230769,48,22,5.2
7,1.1615384615384614,48,22,3.7
7,5.793846153846154,48,22,1.8
7,0.8800000000000001,48,22,0.6
12,14.789333333333332,61,25,9.08
12,6.685076923076923,61,25,8.44
12,9.360000000000001,61,25,16.3
12,6.42,61,25,1.9
12,4.931538461538461,61,25,5.4
12,3.8730769230769235,61,25,3.1
12,5.7446153846153845,61,25,3.1
12,1.5766666666666667,61,25,2.9
12,7.507692307692308,61,25,2.8
12,1.43,61,25,1.9
12,4.5138461538461545,61,25,1.8
12,1.52,61,25,0.7
10,20.14553846153846,61,1,33.959999999999994
10,0.328,61,1,0.32
10,17.894615384615385,61,1,17.6
10,6.811538461538462,61,1,12.9
10,2.0966666666666667,61,1,2.0
10,5.8966666666666665,61,1,5.6
10,7.799999999999999,61,1,2.8
10,6.38,61,1,2.7
10,1.6199999999999999,61,1,1.5
10,3.043846153846154,61,1,0.5
10,0.1,61,1,0.0
18,15.450000000000003,47,16,14.1
18,11.615384615384615,47,16,7.5
18,8.192307692307692,47,16,3.9
18,4.9107692307692306,47,16,3.6
18,1.33,47,16,2.8
18,0.8800000000000001,47,16,2.4
18,1.6,47,16,2.1
18,4.980769230769231,47,16,1.6
18,1.6630769230769231,47,16,0.6
18,2.65,47,16,0.0
4,20.794923076923073,47,24,16.880000000000003
4,17.303333333333335,47,24,45.2
4,2.3033333333333337,47,24,1.7
4,13.718461538461538,47,24,7.4
4,5.406666666666666,47,24,4.7
4,12.35923076923077,47,24,3.3
4,0.42000000000000004,47,24,1.5
4,1.48,47,24,-0.7
4,4.103076923076923,47,24,0.9
4,2.0138461538461536,47,24,0.0
4,0.16399999999999998,47,24,-0.1
28,12.8,51,23,12.420000000000002
28,11.320769230769232,51,23,25.599999999999998
28,6.021428571428571,51,23,2.2
28,5.584285714285714,51,23,4.1
28,4.91,51,23,4.9
28,5.059230769230769,51,23,3.8
28,3.6230769230769235,51,23,2.1
28,2.7399999999999998,51,23,2.0
16,14.326461538461537,51,14,12.64
16,19.490000000000002,51,14,11.1
16,12.615333333333332,51,14,13.6
16,2.1314285714285717,51,14,4.8
16,6.942307692307692,51,14,3.4
16,5.81,51,14,2.5
16,2.62,51,14,0.0
16,1.4023076923076925,51,14,-0.1
19,12.621538461538462,56,28,15.379999999999999
19,13.675384615384615,56,28,23.2
19,3.117692307692308,56,28,10.1
19,1.7076923076923078,56,28,3.7
19,5.774615384615386,56,28,7.8
19,5.08,56,28,3.0
19,1.8015384615384615,56,28,2.9
19,3.6409090909090907,56,28,0.4
19,10.428666666666667,56,28,5.1000000000000005
1,26.27276923076923,56,10,26.019999999999996
1,18.566363636363636,56,10,8.6
1,7.31,56,10,10.7
1,13.227692307692307,56,10,7.9
1,15.706923076923076,56,10,7.0
1,1.0715384615384616,56,10,1.0
1,1.8115384615384618,56,10,0.1
13,18.33533333333333,78,19,23.42
13,10.110000000000001,78,19,24.4
13,7.001818181818182,78,19,3.5
13,10.753333333333334,78,19,4.7
13,0.08,78,19,0.9
13,0.35,78,19,0.1
13,5.6466666666666665,78,19,9.7
13,3.77,78,19,5.4
13,5.08,78,19,2.6
13,2.9890909090909092,78,19,1.6
25,13.291076923076924,78,5,17.0
25,10.74,78,5,9.100000000000001
25,4.191428571428571,78,5,5.3
25,5.359999999999999,78,5,2.5999999999999996
25,8.973333333333333,78,5,11.7
25,0.73,78,5,2.1
25,1.35,78,5,1.2
25,8.823846153846153,78,5,1.2
25,0.32999999999999996,78,5,-1.4
25,3.5,78,5,0.0
9,17.322,55,32,8.84
9,19.732,55,32,17.56
9,7.923846153846153,55,32,20.5
9,9.777272727272727,55,32,7.2
9,2.516153846153846,55,32,2.9
9,11.279999999999998,55,32,17.9
9,7.213846153846153,55,32,7.6
9,8.65,55,32,6.8
9,6.9923076923076914,55,32,3.2
9,4.405384615384615,55,32,1.3
9,0.05,55,32,0.5
9,2.3,55,32,0.10000000000000003
17,15.686545454545456,55,30,20.2
17,14.258181818181818,55,30,37.8
17,0.6799999999999999,55,30,1.7
17,11.265555555555554,55,30,7.6
17,0.62,55,30,3.2
17,0.3661538461538461,55,30,0.5
17,0.96,55,30,0.4
17,3.6730769230769234,55,30,0.0
17,10.409230769230769,55,30,13.600000000000001
8,20.194153846153846,69,31,21.360000000000003
8,11.84,69,31,38.9
8,5.8707692307692305,69,31,8.5
8,3.1738461538461546,69,31,1.4
8,5.746666666666666,69,31,7.0
8,4.02,69,31,5.2
8,10.816153846153846,69,31,3.7
8,12.232727272727272,69,31,3.4
8,3.87,69,31,2.6
8,3.2676923076923075,69,31,0.0
8,2.653076923076923,69,31,-0.4
29,14.48646153846154,69,15,33.76
29,5.566923076923078,69,15,6.9
29,5.242307692307692,69,15,6.4
29,0.2633333333333333,69,15,1.3
29,1.0542857142857143,69,15,0.4
29,9.119230769230768,69,15,7.4
29,4.59,69,15,4.2
29,4.25,69,15,3.9
29,5.463333333333334,69,15,1.4
29,0.16999999999999998,69,15,0.8
15,19.014,82,18,15.94
15,13.147272727272727,82,18,20.6
15,3.5415384615384617,82,18,12.9
15,4.43,82,18,-1.2
15,14.738461538461538,82,18,13.3
15,4.613076923076924,82,18,4.5
15,5.802857142857143,82,18,4.0
15,2.32,82,18,3.1
15,5.143076923076924,82,18,2.1
15,8.06,82,18,1.4
15,0.9115384615384616,82,18,0.0
3,18.650153846153845,82,17,24.5
3,0.08,82,17,0.48
3,21.745384615384616,82,17,19.5
3,10.07230769230769,82,17,8.3
3,2.7,82,17,0.7
3,11.18769230769231,82,17,7.0
3,3.2746153846153847,82,17,2.2
3,0.09,82,17,1.2
3,2.5092307692307694,82,17,0.6
3,0.85,82,17,0.0
3,3.2346153846153847,82,17,4.0
23,11.831333333333331,78,21,12.5
23,10.273333333333333,78,21,4.2
23,3.6918181818181814,78,21,2.8
23,3.624444444444444,78,21,1.8
23,2.8176923076923077,78,21,1.0
23,3.994615384615385,78,21,7.1
23,10.406153846153847,78,21,5.7
23,6.5344444444444445,78,21,5.5
23,1.8836363636363636,78,21,0.7
23,6.21,78,21,0.0
32,7.865818181818182,78,27,17.279999999999998
32,12.080769230769231,78,27,10.0
32,2.5592307692307696,78,27,2.1
32,0.49000000000000005,78,27,0.8
32,6.637692307692308,78,27,10.2
32,6.71,78,27,4.2
32,0.5281818181818181,78,27,0.20000000000000018
32,2.16,78,27,2.1
32,2.911538461538462,78,27,1.2
2,20.856,78,7,6.800000000000001
2,1.8036923076923077,78,7,2.06
2,10.835555555555555,78,7,9.2
2,17.41923076923077,78,7,19.6
2,12.754615384615384,78,7,8.1
2,5.09,78,7,1.8
2,1.6730769230769231,78,7,0.0
24,17.81533333333333,78,11,20.66
24,7.51,78,11,21.5
24,14.223333333333334,78,11,9.8
24,0.68,78,11,1.1
24,0.77,78,11,0.1
24,11.342727272727274,78,11,11.9
24,4.86,78,11,3.9
24,2.83,78,11,2.5
24,4.27,78,11,1.9
24,0.45,78,11,0.0
24,1.02,78,11,1.4
6,17.857846153846154,46,20,13.760000000000002
6,4.662307692307692,46,20,3.8
6,12.425384615384615,46,20,21.4
6,10.456444444444445,46,20,11.700000000000001
6,1.42,46,20,0.4
6,4.003076923076923,46,20,4.9
6,7.97,46,20,4.3
6,25.009999999999998,46,20,4.2
6,2.226153846153846,46,20,0.7
6,-0.008000000000000007,46,20,-0.2
31,2.250000000000001,46,12,7.5
31,3.21,46,12,0.92
31,4.493333333333334,46,12,4.5
31,6.74,46,12,9.5
31,5.392307692307693,46,12,5.5
31,1.31,46,12,4.5
31,3.45,46,12,4.5
31,1.488181818181818,46,12,3.6
31,-0.15000000000000002,46,12,1.6
31,1.5633333333333332,46,12,1.4
31,0.45,46,12,0.9
31,0.48,46,12,0.0
29,14.48646153846154,82,27,7.34
29,-0.94,82,27,0.32
29,5.566923076923078,82,27,6.9
29,1.0542857142857143,82,27,2.7
29,3.3699999999999997,82,27,4.6
29,5.242307692307692,82,27,4.9
29,9.119230769230768,82,27,2.0
29,4.25,82,27,2.0
29,5.463333333333334,82,27,1.6
29,0.2633333333333333,82,27,1.3
29,4.59,82,27,0.8
29,0.9815384615384616,82,27,0.8
23,15.592000000000002,82,31,22.18
23,3.624444444444444,82,31,20.6
23,10.273333333333333,82,31,4.7
23,3.6918181818181814,82,31,1.3
23,6.5344444444444445,82,31,1.3
23,2.8176923076923077,82,31,1.1
23,10.406153846153847,82,31,10.8
23,0.54,82,31,6.0
23,4.33,82,31,5.6
23,0.1,82,31,0.8
23,3.994615384615385,82,31,0.6
9,19.732,62,25,24.02
9,0.0,62,25,0.0
9,7.923846153846153,62,25,4.0
9,2.516153846153846,62,25,0.9999999999999999
9,7.213846153846153,62,25,8.899999999999999
9,0.6799999999999999,62,25,0.7
9,8.65,62,25,5.3
9,6.9923076923076914,62,25,4.0
9,9.777272727272727,62,25,3.2
9,11.279999999999998,62,25,1.6
9,4.405384615384615,62,25,1.5
9,0.06999999999999999,62,25,0.0
10,20.14553846153846,62,30,21.180000000000003
10,17.894615384615385,62,30,39.7
10,7.799999999999999,62,30,17.8
10,6.811538461538462,62,30,4.800000000000001
10,2.0966666666666667,62,30,0.1
10,1.0330769230769232,62,30,12.1
10,5.8966666666666665,62,30,7.6
10,6.38,62,30,4.4
10,3.043846153846154,62,30,0.8
7,19.253636363636364,49,20,8.0
7,8.463846153846152,49,20,28.7
7,6.4879999999999995,49,20,5.800000000000001
7,10.48169230769231,49,20,1.3
7,5.529230769230769,49,20,4.5
7,5.793846153846154,49,20,2.8
7,1.93,49,20,0.5
7,1.1615384615384614,49,20,0.0
7,4.34,49,20,-0.3
31,3.21,49,3,18.22
31,4.493333333333334,49,3,5.5
31,6.74,49,3,2.9
31,2.21,49,3,-0.09999999999999998
31,3.45,49,3,4.0
31,0.8300000000000001,49,3,4.0
31,1.5633333333333332,49,3,1.6
31,5.392307692307693,49,3,1.8
31,1.31,49,3,0.6
31,-0.15000000000000002,49,3,0.0
31,9.92,49,3,1.5999999999999999
14,20.55076923076923,55,14,28.0
14,9.273076923076923,55,14,15.600000000000001
14,4.982307692307693,55,14,18.4
14,8.644615384615385,55,14,7.699999999999999
14,13.079999999999998,55,14,12.1
14,6.150769230769232,55,14,4.5
14,6.126153846153846,55,14,4.1
14,1.3776923076923075,55,14,0.0
28,12.8,55,29,16.44
28,4.2299999999999995,55,29,15.5
28,0.76,55,29,2.8
28,11.320769230769232,55,29,3.3
28,2.7399999999999998,55,29,12.4
28,3.6230769230769235,55,29,6.2
28,5.059230769230769,55,29,3.4
28,4.91,55,29,3.1
28,5.584285714285714,55,29,1.6
28,0.62,55,29,0.0
4,20.794923076923073,55,1,31.2
4,0.16399999999999998,55,1,0.88
4,17.303333333333335,55,1,16.299999999999997
4,2.3033333333333337,55,1,0.2
4,12.35923076923077,55,1,7.8
4,4.103076923076923,55,1,5.3
4,13.718461538461538,55,1,4.2
4,5.406666666666666,55,1,2.5
4,2.0138461538461536,55,1,2.1
4,1.3454545454545455,55,1,1.7
12,14.789333333333332,55,16,8.24
12,6.685076923076923,55,16,1.48
12,9.360000000000001,55,16,15.9
12,6.42,55,16,1.0
12,4.5138461538461545,55,16,1.4
12,4.931538461538461,55,16,5.8
12,3.8730769230769235,55,16,5.0
12,5.7446153846153845,55,16,3.2
12,1.43,55,16,3.0
12,1.5766666666666667,55,16,2.1
12,7.507692307692308,55,16,1.5
25,13.291076923076924,78,7,6.5600000000000005
25,10.74,78,7,4.4
25,8.823846153846153,78,7,5.3999999999999995
25,5.359999999999999,78,7,1.0
25,0.06,78,7,0.7
25,8.973333333333333,78,7,6.6
25,4.28,78,7,3.6
25,0.73,78,7,1.7
25,0.86,78,7,1.3
25,3.5,78,7,1.2
24,17.81533333333333,78,19,6.859999999999999
24,7.515714285714286,78,19,10.9
24,7.51,78,19,16.7
24,14.223333333333334,78,19,2.7
24,2.83,78,19,3.7
24,4.86,78,19,2.8
24,1.95,78,19,2.1
24,4.27,78,19,2.0
26,10.726,87,26,1.1600000000000001
26,9.20923076923077,87,26,6.0
26,6.02,87,26,6.0
26,6.218181818181819,87,26,3.3000000000000003
26,3.990769230769231,87,26,6.2
26,4.261818181818182,87,26,4.0
26,3.06,87,26,2.0
26,1.9615384615384617,87,26,1.5
26,1.25,87,26,0.6
26,0.47000000000000003,87,26,0.6
26,2.33,87,26,0.0
21,9.424,87,22,5.96
21,6.707692307692308,87,22,5.8999999999999995
21,10.379999999999999,87,22,3.5
21,4.748666666666667,87,22,4.7
21,7.033333333333333,87,22,1.9
21,3.9299999999999997,87,22,1.6
21,4.45,87,22,0.8
21,1.046153846153846,87,22,0.0
21,0.32,87,22,1.5
1,26.27276923076923,53,24,26.8
1,18.566363636363636,53,24,38.1
1,15.706923076923076,53,24,8.5
1,4.533076923076923,53,24,8.1
1,7.31,53,24,6.4
1,13.227692307692307,53,24,9.9
1,4.163846153846154,53,24,2.3
1,1.8115384615384618,53,24,0.3
1,2.87,53,24,0.0
18,15.450000000000003,53,28,17.880000000000003
18,8.862,53,28,0.44
18,11.615384615384615,53,28,21.0
18,2.65,53,28,4.5
18,4.980769230769231,53,28,8.6
18,5.0346153846153845,53,28,5.3
18,4.9107692307692306,53,28,5.1
18,8.192307692307692,53,28,5.0
18,5.36,53,28,1.9
18,1.6,53,28,1.6
18,1.33,53,28,0.0
18,0.8800000000000001,53,28,0.0
5,18.934307692307694,56,5,17.119999999999997
5,20.15,56,5,24.3
5,11.147692307692306,56,5,15.2
5,9.083846153846155,56,5,3.4000000000000004
5,7.320769230769231,56,5,3.0
5,1.9115384615384614,56,5,2.8
5,6.483846153846153,56,5,2.3
5,2.1566666666666667,56,5,-0.2
13,18.33533333333333,56,8,19.5
13,7.001818181818182,56,8,10.7
13,10.110000000000001,56,8,4.0
13,4.71,56,8,2.4000000000000004
13,5.08,56,8,7.7
13,2.9890909090909092,56,8,5.2
13,10.753333333333334,56,8,2.2
13,5.6466666666666665,56,8,1.6
13,3.75,56,8,1.0
13,3.77,56,8,0.0
11,18.37492307692308,53,10,20.32
11,5.3330769230769235,53,10,3.9
11,11.273333333333333,53,10,4.800000000000001
11,12.646153846153847,53,10,10.5
11,5.08,53,10,6.1
11,2.57,53,10,1.3
11,3.4361538461538466,53,10,0.7
11,1.48,53,10,0.0
19,12.621538461538462,53,6,15.6
19,13.675384615384615,53,6,8.4
19,3.117692307692308,53,6,12.4
19,3.6409090909090907,53,6,8.3
19,5.774615384615386,53,6,5.7
19,10.428666666666667,53,6,4.7
19,1.8015384615384615,53,6,4.4
19,1.7076923076923078,53,6,1.7
19,0.5900000000000001,53,6,0.9
3,18.650153846153845,78,11,27.34
3,21.745384615384616,78,11,19.9
3,11.18769230769231,78,11,7.5
3,0.08,78,11,0.3
3,10.07230769230769,78,11,11.4
3,11.89,78,11,8.9
3,3.2746153846153847,78,11,4.8
3,2.5092307692307694,78,11,4.0
3,2.7,78,11,1.8
2,20.856,78,18,31.44
2,17.41923076923077,78,18,35.599999999999994
2,10.835555555555555,78,18,1.5999999999999999
2,1.8036923076923077,78,18,1.0
2,12.754615384615384,78,18,21.1
2,3.513076923076923,78,18,6.2
2,5.09,78,18,2.3
2,1.6915384615384617,78,18,1.0
2,1.153076923076923,78,18,0.3
2,2.38,78,18,0.0
15,19.014,40,12,19.16
15,13.147272727272727,40,12,6.5
15,3.5415384615384617,40,12,5.4
15,4.613076923076924,40,12,10.1
15,5.143076923076924,40,12,5.5
15,14.738461538461538,40,12,4.0
15,5.802857142857143,40,12,2.4
15,0.3,40,12,0.5
15,2.32,40,12,0.4
15,1.3615384615384616,40,12,0.0
6,17.857846153846154,40,17,15.66
6,10.456444444444445,40,17,11.379999999999999
6,4.662307692307692,40,17,18.799999999999997
6,12.425384615384615,40,17,34.3
6,1.42,40,17,0.4
6,25.009999999999998,40,17,13.0
6,2.893076923076923,40,17,3.0
6,0.27,40,17,2.1
6,2.226153846153846,40,17,0.0
6,4.003076923076923,40,17,0.0
27,12.611333333333333,78,2,28.8
27,7.11923076923077,78,2,12.2
27,10.104000000000001,78,2,15.2
27,7.992307692307692,78,2,6.0
27,0.48400000000000004,78,2,3.6
27,3.210769230769231,78,2,3.3
27,4.17,78,2,2.4
27,0.79,78,2,2.1
27,1.3515384615384616,78,2,0.5
27,3.4230769230769234,78,2,0.0
22,16.577384615384616,78,4,14.82
22,4.663076923076923,78,4,1.6
22,17.108461538461537,78,4,11.2
22,5.82,78,4,5.8
22,3.571538461538462,78,4,5.1
22,2.5892307692307694,78,4,2.3
22,1.55,78,4,2.1
22,1.04,78,4,1.5
22,1.0,78,4,0.8
10,20.14553846153846,40,16,14.719999999999999
10,17.894615384615385,40,16,25.799999999999997
10,6.811538461538462,40,16,2.5
10,1.0330769230769232,40,16,0.3
10,7.799999999999999,40,16,-0.09999999999999987
10,5.8966666666666665,40,16,4.0
10,6.38,40,16,3.2
10,3.043846153846154,40,16,2.2
10,2.0966666666666667,40,16,-0.1
4,20.794923076923073,40,25,35.82
4,0.16399999999999998,40,25,-0.12
4,17.303333333333335,40,25,19.3
4,1.48,40,25,2.6
4,12.35923076923077,40,25,10.3
4,2.3033333333333337,40,25,2.9000000000000004
4,13.718461538461538,40,25,9.6
4,5.406666666666666,40,25,4.4
4,2.0138461538461536,40,25,3.1
4,0.27999999999999997,40,25,1.7
4,0.020000000000000004,40,25,0.9
4,4.103076923076923,40,25,0.8
2,20.856,39,32,34.900000000000006
2,1.8036923076923077,39,32,2.4
2,-0.18,39,32,-0.3
2,10.835555555555555,39,32,16.2
2,17.41923076923077,39,32,34.2
2,0.45999999999999996,39,32,4.7
2,1.153076923076923,39,32,1.3
2,12.754615384615384,39,32,7.0
2,5.08,39,32,4.5
2,2.38,39,32,2.5
2,1.6730769230769231,39,32,2.0
2,3.513076923076923,39,32,0.1
17,15.686545454545456,39,11,6.920000000000001
17,8.703333333333333,39,11,17.3
17,14.258181818181818,39,11,8.5
17,6.25,39,11,3.6
17,10.409230769230769,39,11,6.5
17,5.59,39,11,3.9
17,3.6730769230769234,39,11,2.3
17,1.5854545454545454,39,11,1.7
17,0.5,39,11,0.0
28,12.8,82,30,12.72
28,11.320769230769232,82,30,6.8999999999999995
28,4.2299999999999995,82,30,4.1
28,2.7399999999999998,82,30,5.6000000000000005
28,5.059230769230769,82,30,5.1
28,4.91,82,30,4.6
28,0.62,82,30,1.5
28,3.6230769230769235,82,30,0.0
9,19.732,82,14,13.739999999999998
9,7.923846153846153,82,14,6.6
9,0.6799999999999999,82,14,0.29999999999999993
9,6.9923076923076914,82,14,10.3
9,2.516153846153846,82,14,8.2
9,9.777272727272727,82,14,6.7
9,7.213846153846153,82,14,5.3
9,11.279999999999998,82,14,5.1
9,8.65,82,14,1.5
9,4.405384615384615,82,14,1.4
25,13.291076923076924,37,3,15.860000000000001
25,10.74,37,3,18.9
25,2.92,37,3,1.2
25,5.359999999999999,37,3,0.4
25,8.823846153846153,37,3,7.8
25,4.28,37,3,6.0
25,8.973333333333333,37,3,5.5
25,1.35,37,3,1.6
25,0.86,37,3,1.2
25,3.5,37,3,0.9
25,0.2,37,3,0.6
25,0.06,37,3,0.0
7,19.253636363636364,37,19,40.0
7,8.463846153846152,37,19,3.2
7,10.48169230769231,37,19,16.4
7,7.7718181818181815,37,19,13.3
7,6.4879999999999995,37,19,12.2
7,5.793846153846154,37,19,4.0
7,0.2,37,19,2.0
7,1.93,37,19,0.0
7,5.529230769230769,37,19,0.0
6,17.857846153846154,46,4,10.76
6,-0.008000000000000007,46,4,0.48000000000000004
6,10.456444444444445,46,4,10.64
6,10.36,46,4,3.1
6,4.662307692307692,46,4,1.1
6,2.226153846153846,46,4,12.1
6,25.009999999999998,46,4,8.1
6,2.893076923076923,46,4,1.8
6,0.74,46,4,1.7
6,0.27,46,4,1.0
6,4.003076923076923,46,4,0.0
6,12.425384615384615,46,4,2.6
27,12.611333333333333,46,12,21.32
27,0.48400000000000004,46,12,0.84
27,10.104000000000001,46,12,29.8
27,7.11923076923077,46,12,6.800000000000001
27,0.22999999999999998,46,12,1.4
27,7.992307692307692,46,12,12.5
27,3.210769230769231,46,12,4.5
27,0.79,46,12,3.6
27,2.8966666666666665,46,12,1.1
27,3.4230769230769234,46,12,0.0
31,17.080000000000002,46,22,17.080000000000002
31,0.8300000000000001,46,22,0.7
31,6.74,46,22,35.8
31,2.21,46,22,6.9
31,6.5,46,22,4.6
31,4.2,46,22,10.5
31,5.392307692307693,46,22,9.3
31,1.31,46,22,2.2
31,0.5115384615384616,46,22,0.7
31,3.45,46,22,0.0
31,9.92,46,22,0.0
26,5.192,46,20,1.8000000000000003
26,6.02,46,20,5.7
26,1.9615384615384617,46,20,3.5
26,9.20923076923077,46,20,15.700000000000001
26,3.990769230769231,46,20,3.4
26,4.261818181818182,46,20,1.8
26,3.06,46,20,1.6
26,0.25,46,20,1.1
26,1.25,46,20,0.6
26,0.37,46,20,0.0
26,0.47000000000000003,46,20,0.0
32,7.865818181818182,43,28,8.22
32,12.080769230769231,43,28,30.3
32,2.5592307692307696,43,28,0.7
32,2.911538461538462,43,28,5.1
32,6.637692307692308,43,28,5.0
32,0.27,43,28,1.4
32,6.71,43,28,0.8
32,0.49000000000000005,43,28,-1.0
1,26.27276923076923,43,21,20.060000000000002
1,18.566363636363636,43,21,9.6
1,15.706923076923076,43,21,13.7
1,4.533076923076923,43,21,13.3
1,13.227692307692307,43,21,4.6
1,1.8115384615384618,43,21,3.0
1,4.163846153846154,43,21,2.2
1,1.0715384615384616,43,21,0.2
1,0.05,43,21,0.0
30,14.302,78,15,21.6
30,0.012,78,15,0.16
30,13.15,78,15,22.9
30,7.46,78,15,4.3
30,9.003846153846155,78,15,6.3
30,1.7866666666666666,78,15,0.5
30,5.88076923076923,78,15,9.8
30,1.65,78,15,4.6
30,0.8699999999999999,78,15,2.7
30,0.2966666666666667,78,15,-0.8999999999999999
30,0.26,78,15,0.5
30,1.5399999999999998,78,15,0.0
8,20.194153846153846,78,9,21.2
8,3.1738461538461546,78,9,5.3
8,11.84,78,9,3.8
8,5.8707692307692305,78,9,2.1999999999999997
8,10.816153846153846,78,9,19.1
8,12.232727272727272,78,9,7.7
8,4.02,78,9,4.1
8,5.746666666666666,78,9,3.6
8,3.87,78,9,2.8
8,3.3554545454545455,78,9,0.6
8,3.2676923076923075,78,9,-0.4
14,20.55076923076923,36,24,20.5
14,9.273076923076923,36,24,6.300000000000001
14,4.982307692307693,36,24,2.6
14,8.644615384615385,36,24,4.0
14,13.079999999999998,36,24,10.7
14,6.126153846153846,36,24,5.6
14,6.150769230769232,36,24,2.7
14,0.37,36,24,1.7
14,1.1,36,24,1.3
14,1.3776923076923075,36,24,1.2
14,1.1076923076923078,36,24,0.7
18,15.450000000000003,36,29,22.64
18,0.8800000000000001,36,29,-1.4
18,11.615384615384615,36,29,32.900000000000006
18,4.980769230769231,36,29,4.6
18,4.9107692307692306,36,29,3.9
18,2.65,36,29,3.3
18,5.36,36,29,2.8
18,8.192307692307692,36,29,2.2
18,5.0346153846153845,36,29,1.8
18,0.18,36,29,0.6
5,18.934307692307694,69,31,15.020000000000001
5,20.15,69,31,16.5
5,9.083846153846155,69,31,1.9
5,0.04,69,31,0.2
5,11.147692307692306,69,31,5.7
5,6.483846153846153,69,31,4.6
5,1.9115384615384614,69,31,3.0
5,2.903076923076923,69,31,1.8
5,7.320769230769231,69,31,0.0
5,2.1566666666666667,69,31,-0.2
29,14.48646153846154,69,8,7.92
29,5.566923076923078,69,8,9.2
29,0.32,69,8,4.2
29,5.242307692307692,69,8,5.9
29,3.3699999999999997,69,8,1.9
29,9.119230769230768,69,8,5.2
29,4.25,69,8,4.7
29,4.59,69,8,3.9
29,0.9815384615384616,69,8,0.5
29,5.463333333333334,69,8,0.0
29,0.2633333333333333,69,8,0.0
13,18.33533333333333,75,18,26.24
13,4.71,75,18,22.8
13,7.001818181818182,75,18,8.0
13,10.753333333333334,75,18,8.5
13,5.08,75,18,3.9
13,3.77,75,18,2.4
13,5.6466666666666665,75,18,1.6
13,2.9890909090909092,75,18,0.8
13,0.38000000000000006,75,18,-0.3
3,18.650153846153845,75,5,21.02
3,21.745384615384616,75,5,28.0
3,11.18769230769231,75,5,10.6
3,10.07230769230769,75,5,22.9
3,11.89,75,5,3.9
3,2.5092307692307694,75,5,2.5
3,3.2746153846153847,75,5,1.5
3,2.7,75,5,1.0
21,9.424,33,17,4.52
21,6.707692307692308,33,17,10.2
21,10.379999999999999,33,17,3.8000000000000003
21,2.8,33,17,3.4
21,4.748666666666667,33,17,7.2
21,4.45,33,17,4.3
21,7.033333333333333,33,17,2.6
21,2.7,33,17,1.3
21,0.32,33,17,0.6
21,1.6266666666666665,33,17,0.5
21,1.046153846153846,33,17,0.5
21,3.9299999999999997,33,17,0.0
15,19.014,33,26,18.060000000000002
15,13.147272727272727,33,26,41.2
15,0.32999999999999996,33,26,2.6
15,3.5415384615384617,33,26,0.3
15,14.738461538461538,33,26,5.7
15,4.613076923076924,33,26,4.4
15,0.3,33,26,3.0
15,1.3615384615384616,33,26,2.4
15,5.143076923076924,33,26,1.4
15,2.32,33,26,0.3
22,16.577384615384616,38,13,27.700000000000003
22,17.108461538461537,38,13,30.700000000000003
22,1.0,38,13,2.2
22,0.02,38,13,0.3
22,5.82,38,13,7.5
22,2.5892307692307694,38,13,4.0
22,4.663076923076923,38,13,3.7
22,3.571538461538462,38,13,3.4
22,0.95,38,13,2.1
22,3.3566666666666665,38,13,1.3
22,0.1,38,13,0.0
20,16.797272727272727,38,2,21.099999999999998
20,5.07090909090909,38,2,4.7
20,4.463636363636364,38,2,0.8
20,4.406923076923078,38,2,3.4
20,10.58923076923077,38,2,14.5
20,5.005692307692308,38,2,8.3
20,8.219999999999999,38,2,4.8
20,3.700909090909091,38,2,4.0
20,4.191428571428571,38,2,1.9
16,14.326461538461537,62,27,19.52
16,19.490000000000002,62,27,10.0
16,6.942307692307692,62,27,3.6
16,1.4023076923076925,62,27,0.3
16,12.615333333333332,62,27,7.3
16,5.81,62,27,4.6
16,0.56,62,27,1.2
16,1.26,62,27,1.1
16,2.62,62,27,0.6
16,2.1314285714285717,62,27,0.0
16,-0.02,62,27,-0.2
23,15.592000000000002,62,23,10.1
23,10.273333333333333,62,23,25.200000000000003
23,3.6918181818181814,62,23,1.9
23,2.8176923076923077,62,23,1.3
23,10.406153846153847,62,23,8.3
23,6.5344444444444445,62,23,6.9
23,3.994615384615385,62,23,3.3
23,6.21,62,23,1.2
23,1.8836363636363636,62,23,1.2
15,19.014,54,5,21.580000000000002
15,13.147272727272727,54,5,22.3
15,3.5415384615384617,54,5,0.5
15,14.738461538461538,54,5,16.6
15,0.9115384615384616,54,5,5.4
15,2.32,54,5,1.6
15,5.143076923076924,54,5,1.3
15,1.3615384615384616,54,5,1.2
15,4.613076923076924,54,5,0.8
13,18.33533333333333,54,17,17.599999999999998
13,10.110000000000001,54,17,18.3
13,4.71,54,17,4.6
13,7.001818181818182,54,17,5.0
13,10.753333333333334,54,17,7.199999999999999
13,5.6466666666666665,54,17,5.7
13,5.08,54,17,5.2
13,2.9890909090909092,54,17,1.7
13,3.77,54,17,1.5
22,16.577384615384616,78,29,20.82
22,17.108461538461537,78,29,32.1
22,0.1,78,29,0.5
22,4.663076923076923,78,29,5.1
22,5.82,78,29,3.6
22,3.3566666666666665,78,29,2.4
22,3.571538461538462,78,29,1.0
22,1.0,78,29,0.8
14,20.55076923076923,78,2,13.74
14,9.273076923076923,78,2,8.5
14,4.982307692307693,78,2,2.2
14,8.644615384615385,78,2,3.7
14,6.150769230769232,78,2,5.8999999999999995
14,1.3776923076923075,78,2,0.3
14,13.079999999999998,78,2,11.8
14,6.126153846153846,78,2,2.7
14,1.1,78,2,1.9
11,18.37492307692308,48,14,9.02
11,11.273333333333333,48,14,10.8
11,5.3330769230769235,48,14,4.6
11,5.779999999999999,48,14,7.7
11,12.646153846153847,48,14,3.5999999999999996
11,1.48,48,14,4.2
11,3.4361538461538466,48,14,1.1
28,12.8,48,6,4.7
28,6.300000000000001,48,6,9.66
28,11.320769230769232,48,6,29.1
28,0.73,48,6,0.5
28,5.059230769230769,48,6,7.1
28,4.5,48,6,4.9
28,4.91,48,6,3.2
28,0.62,48,6,1.8
28,2.7399999999999998,48,6,1.3
28,4.2299999999999995,48,6,0.6
17,15.686545454545456,48,1,19.339999999999996
17,10.409230769230769,48,1,7.1
17,14.258181818181818,48,1,17.2
17,6.25,48,1,2.5
17,3.6730769230769234,48,1,4.1
17,5.59,48,1,2.7
17,0.5,48,1,0.5
17,0.62,48,1,0.5
17,0.96,48,1,0.4
17,0.3661538461538461,48,1,0.0
17,1.5854545454545454,48,1,0.0
12,6.685076923076923,48,32,15.9
12,6.42,48,32,23.5
12,9.360000000000001,48,32,13.8
12,1.43,48,32,2.2
12,4.43,48,32,0.5
12,4.5138461538461545,48,32,0.2
12,4.931538461538461,48,32,5.1
12,1.52,48,32,3.6
12,7.507692307692308,48,32,2.3
12,3.8730769230769235,48,32,1.9
12,5.7446153846153845,48,32,0.7
9,19.732,42,23,14.08
9,17.322,42,23,15.56
9,7.923846153846153,42,23,23.0
9,2.516153846153846,42,23,1.5
9,11.279999999999998,42,23,12.0
9,8.65,42,23,7.8
9,7.213846153846153,42,23,6.0
9,6.9923076923076914,42,23,5.0
9,9.777272727272727,42,23,3.8
9,4.405384615384615,42,23,1.6
16,14.326461538461537,42,30,17.14
16,19.490000000000002,42,30,39.2
16,12.615333333333332,42,30,8.5
16,1.4023076923076925,42,30,3.5
16,5.81,42,30,6.6
16,6.942307692307692,42,30,2.2
16,2.62,42,30,1.2
16,2.1314285714285717,42,30,1.0
16,1.26,42,30,0.9
16,0.56,42,30,0.4
4,20.794923076923073,73,9,26.660000000000004
4,17.303333333333335,73,9,4.9
4,13.718461538461538,73,9,11.7
4,12.35923076923077,73,9,10.4
4,2.0138461538461536,73,9,2.8
4,5.406666666666666,73,9,2.7
4,1.3454545454545455,73,9,1.1
4,0.3861538461538462,73,9,0.3
30,14.302,73,16,3.8600000000000003
30,13.15,73,16,26.1
30,1.7866666666666666,73,16,4.4
30,9.003846153846155,73,16,3.1999999999999997
30,7.46,73,16,1.9
30,1.5399999999999998,73,16,1.5
30,5.88076923076923,73,16,1.1
30,1.65,73,16,0.4
10,20.14553846153846,78,19,24.48
10,0.328,78,19,0.0
10,17.894615384615385,78,19,11.0
10,0.1,78,19,0.1
10,6.811538461538462,78,19,15.7
10,7.799999999999999,78,19,5.5
10,3.043846153846154,78,19,4.0
10,6.38,78,19,3.9
10,5.8966666666666665,78,19,0.9
25,13.291076923076924,78,25,13.4
25,10.74,78,25,21.7
25,5.359999999999999,78,25,0.1
25,8.823846153846153,78,25,11.3
25,4.57,78,25,5.2
25,4.28,78,25,3.0
25,1.35,78,25,1.3
25,0.86,78,25,0.2
25,0.73,78,25,0.0
27,3.7000000000000006,78,15,6.719999999999999
27,12.611333333333333,78,15,3.0999999999999996
27,10.104000000000001,78,15,4.6
27,7.11923076923077,78,15,3.2
27,0.79,78,15,0.6
27,3.210769230769231,78,15,4.4
27,2.8966666666666665,78,15,4.4
27,3.4230769230769234,78,15,3.7
27,0.38,78,15,1.9
27,1.3515384615384616,78,15,1.6
27,7.992307692307692,78,15,2.9
8,20.194153846153846,78,4,23.880000000000003
8,-0.16,78,4,-0.38
8,10.816153846153846,78,4,0.0
8,11.84,78,4,18.9
8,3.1738461538461546,78,4,15.0
8,5.8707692307692305,78,4,3.4
8,12.232727272727272,78,4,15.5
8,5.746666666666666,78,4,4.3
8,4.02,78,4,3.4
8,3.3554545454545455,78,4,1.5
8,2.653076923076923,78,4,1.1
8,3.2676923076923075,78,4,0.9
8,3.87,78,4,0.0
19,12.621538461538462,69,8,8.2
19,0.052000000000000005,69,8,0.48
19,13.675384615384615,69,8,34.599999999999994
19,6.735454545454545,69,8,15.0
19,10.428666666666667,69,8,6.199999999999999
19,5.774615384615386,69,8,7.8
19,3.6409090909090907,69,8,2.0
19,0.5900000000000001,69,8,1.2
19,1.8015384615384615,69,8,0.9
19,1.5254545454545454,69,8,0.4
19,3.117692307692308,69,8,0.4
19,1.7076923076923078,69,8,0.0
5,18.934307692307694,69,10,19.64
5,20.15,69,10,15.6
5,9.083846153846155,69,10,6.9
5,11.147692307692306,69,10,9.0
5,2.903076923076923,69,10,8.0
5,7.320769230769231,69,10,5.6
5,1.9115384615384614,69,10,2.7
5,6.483846153846153,69,10,2.2
5,2.1566666666666667,69,10,0.0
29,14.48646153846154,78,21,15.68
29,5.242307692307692,78,21,9.3
29,5.566923076923078,78,21,5.8
29,1.0542857142857143,78,21,3.9
29,4.68,78,21,5.0
29,4.59,78,21,3.8
29,9.119230769230768,78,21,3.1
29,4.25,78,21,2.9
29,1.4730769230769232,78,21,0.6
32,7.865818181818182,78,31,13.440000000000001
32,12.080769230769231,78,31,15.399999999999999
32,2.5592307692307696,78,31,1.7
32,6.71,78,31,7.7
32,6.637692307692308,78,31,2.3
32,0.5281818181818181,78,31,0.8
32,1.1,78,31,0.6
32,2.911538461538462,78,31,0.5
32,0.49000000000000005,78,31,0.0
20,16.797272727272727,78,11,0.8400000000000002
20,5.07090909090909,78,11,19.200000000000003
20,4.463636363636364,78,11,1.5
20,3.700909090909091,78,11,3.7
20,8.219999999999999,78,11,3.3
20,10.58923076923077,78,11,1.5
20,3.8861538461538463,78,11,0.0
20,5.005692307692308,78,11,0.0
20,4.406923076923078,78,11,-0.4
20,4.191428571428571,78,11,4.0
2,20.856,78,13,30.52
2,1.8036923076923077,78,13,0.8
2,10.835555555555555,78,13,34.3
2,17.41923076923077,78,13,10.8
2,5.09,78,13,15.7
2,12.754615384615384,78,13,9.2
2,5.08,78,13,3.3
2,1.6915384615384617,78,13,2.6
2,2.38,78,13,2.5
2,1.6730769230769231,78,13,0.3
2,1.153076923076923,78,13,-0.1
2,-0.18,78,13,-0.1
2,0.45999999999999996,78,13,-0.3
24,17.81533333333333,33,3,14.98
24,7.515714285714286,33,3,-1.0
24,7.51,33,3,0.5
24,11.342727272727274,33,3,12.6
24,14.223333333333334,33,3,6.6
24,4.27,33,3,2.4
24,1.95,33,3,1.8
24,4.86,33,3,1.3
24,0.32999999999999996,33,3,1.0
24,2.83,33,3,0.7
7,19.253636363636364,33,7,10.899999999999999
7,8.463846153846152,33,7,6.5
7,10.48169230769231,33,7,3.0
7,5.529230769230769,33,7,6.9
7,7.7718181818181815,33,7,3.9
7,1.1615384615384614,33,7,1.1
7,5.793846153846154,33,7,0.9
7,0.2,33,7,0.4
7,6.4879999999999995,33,7,2.4
7,1.93,33,7,-0.1
1,26.27276923076923,65,18,35.92
1,18.566363636363636,65,18,11.1
1,15.706923076923076,65,18,21.5
1,13.227692307692307,65,18,12.7
1,4.163846153846154,65,18,7.4
1,1.8115384615384618,65,18,1.4
1,7.31,65,18,0.4
1,2.87,65,18,0.3
3,18.650153846153845,65,28,41.12
3,21.745384615384616,65,28,9.4
3,2.7,65,28,1.5
3,10.07230769230769,65,28,10.7
3,3.2346153846153847,65,28,8.0
3,11.18769230769231,65,28,7.2
3,2.5092307692307694,65,28,6.3
3,3.2746153846153847,65,28,4.9
3,0.15,65,28,0.3
7,4.34,78,19,18.4
7,6.4879999999999995,78,19,4.42
7,10.48169230769231,78,19,5.9
7,8.463846153846152,78,19,1.5
7,1.93,78,19,2.8
7,5.529230769230769,78,19,4.9
7,7.7718181818181815,78,19,3.7
7,5.793846153846154,78,19,0.7999999999999998
7,1.1615384615384614,78,19,0.7
25,13.291076923076924,78,3,5.4399999999999995
25,5.359999999999999,78,3,34.3
25,4.28,78,3,6.0
25,2.92,78,3,1.3
25,4.57,78,3,3.0
25,8.823846153846153,78,3,9.0
25,3.5,78,3,1.6
25,0.86,78,3,1.5
25,0.06,78,3,1.2
25,0.73,78,3,0.4
25,0.18,78,3,0.4
28,6.300000000000001,78,2,15.52
28,11.320769230769232,78,2,4.4
28,4.2299999999999995,78,2,15.6
28,5.059230769230769,78,2,7.5
28,3.6230769230769235,78,2,7.3
28,4.91,78,2,6.6
28,4.5,78,2,2.6
28,2.7399999999999998,78,2,0.0
22,16.577384615384616,78,14,33.36
22,17.108461538461537,78,14,26.3
22,1.0,78,14,0.7
22,5.82,78,14,18.0
22,1.04,78,14,2.5
22,0.62,78,14,2.2
22,3.571538461538462,78,14,1.9
22,0.1,78,14,1.0
22,2.5892307692307694,78,14,0.7
22,4.663076923076923,78,14,0.5
22,0.95,78,14,-0.1
14,20.55076923076923,78,11,20.68
14,9.273076923076923,78,11,2.3
14,6.150769230769232,78,11,7.7
14,13.079999999999998,78,11,12.799999999999999
14,8.644615384615385,78,11,7.300000000000001
14,6.126153846153846,78,11,3.1
14,4.982307692307693,78,11,0.7
14,1.1076923076923078,78,11,0.6
14,1.1,78,11,0.2
14,1.3776923076923075,78,11,0.0
2,20.856,78,29,20.44
2,17.41923076923077,78,29,9.8
2,10.835555555555555,78,29,6.6
2,1.8036923076923077,78,29,1.3
2,2.38,78,29,4.5
2,12.754615384615384,78,29,3.8
2,2.7,78,29,2.8
2,3.513076923076923,78,29,2.0
2,1.6730769230769231,78,29,1.2
2,5.08,78,29,0.5
23,15.592000000000002,77,30,8.74
23,10.273333333333333,77,30,14.0
23,7.696666666666667,77,30,4.1
23,10.406153846153847,77,30,5.8
23,6.21,77,30,7.7
23,0.54,77,30,2.7
23,3.994615384615385,77,30,2.7
9,17.322,77,27,22.88
9,7.923846153846153,77,27,18.299999999999997
9,2.516153846153846,77,27,6.2
9,9.777272727272727,77,27,2.5
9,11.279999999999998,77,27,11.6
9,7.213846153846153,77,27,5.4
9,6.9923076923076914,77,27,4.2
9,4.405384615384615,77,27,2.6
9,0.37,77,27,0.8
29,14.48646153846154,60,1,9.76
29,5.566923076923078,60,1,19.2
29,4.59,60,1,6.5
29,1.0542857142857143,60,1,1.7000000000000002
29,5.242307692307692,60,1,1.6
29,1.4730769230769232,60,1,3.9
29,9.119230769230768,60,1,3.2
29,4.68,60,1,1.6
29,0.27,60,1,0.8
29,5.463333333333334,60,1,-0.2
29,-0.94,60,1,-0.2
12,6.685076923076923,60,31,26.22
12,6.42,60,31,11.8
12,4.43,60,31,6.3999999999999995
12,4.5138461538461545,60,31,0.2
12,3.8730769230769235,60,31,7.4
12,7.507692307692308,60,31,2.5
12,1.5766666666666667,60,31,2.5
12,5.7446153846153845,60,31,2.1
12,1.52,60,31,1.9
12,1.43,60,31,0.1
16,14.326461538461537,56,13,13.88
16,19.490000000000002,56,13,26.200000000000003
16,1.4023076923076925,56,13,2.3
16,12.615333333333332,56,13,8.5
16,2.62,56,13,7.7
16,6.942307692307692,56,13,3.7
16,2.540909090909091,56,13,2.9
16,2.1314285714285717,56,13,2.3
16,0.56,56,13,0.7
16,1.26,56,13,0.0
20,16.797272727272727,56,23,13.24
20,5.07090909090909,56,23,20.4
20,4.463636363636364,56,23,7.6
20,10.58923076923077,56,23,9.1
20,8.219999999999999,56,23,3.9
20,3.8861538461538463,56,23,3.3
20,4.191428571428571,56,23,3.0
20,5.005692307692308,56,23,1.2
20,3.700909090909091,56,23,0.0
6,17.857846153846154,54,22,19.22
6,10.36,54,22,26.5
6,12.425384615384615,54,22,7.8
6,4.662307692307692,54,22,0.9
6,10.456444444444445,54,22,8.4
6,25.009999999999998,54,22,7.0
6,7.97,54,22,5.6
6,4.003076923076923,54,22,4.7
6,2.893076923076923,54,22,1.0
26,5.192,54,12,15.54
26,9.20923076923077,54,12,6.0
26,6.02,54,12,2.5999999999999996
26,4.261818181818182,54,12,7.3
26,3.06,54,12,6.6
26,3.990769230769231,54,12,5.7
26,1.25,54,12,2.4
26,6.218181818181819,54,12,2.2
26,1.9615384615384617,54,12,-0.3
18,15.450000000000003,44,32,25.92
18,11.615384615384615,44,32,24.8
18,4.980769230769231,44,32,3.9
18,5.0346153846153845,44,32,6.3
18,4.9107692307692306,44,32,6.2
18,8.192307692307692,44,32,3.0
18,5.36,44,32,2.4
18,1.6630769230769231,44,32,0.6
18,2.65,44,32,-0.6
17,8.703333333333333,44,24,23.1
17,15.686545454545456,44,24,8.1
17,14.258181818181818,44,24,15.5
17,6.25,44,24,2.2
17,10.409230769230769,44,24,8.5
17,3.6730769230769234,44,24,3.9
17,5.59,44,24,3.1
17,0.5,44,24,1.5
17,1.5854545454545454,44,24,0.7
17,0.96,44,24,0.0
13,18.33533333333333,57,25,21.96
13,10.110000000000001,57,25,18.3
13,7.001818181818182,57,25,1.4
13,4.71,57,25,0.4
13,5.6466666666666665,57,25,10.3
13,5.08,57,25,3.9
13,0.35,57,25,2.8
13,2.9890909090909092,57,25,2.2
13,0.5,57,25,1.9
13,3.77,57,25,1.3
13,3.75,57,25,0.0
13,10.753333333333334,57,25,10.5
10,20.14553846153846,57,5,22.540000000000003
10,17.894615384615385,57,5,35.7
10,7.799999999999999,57,5,4.2
10,6.811538461538462,57,5,9.799999999999999
10,3.043846153846154,57,5,2.5
10,5.8966666666666665,57,5,1.1
10,0.02,57,5,0.0
30,14.302,44,20,8.98
30,13.15,44,20,34.8
30,7.46,44,20,8.7
30,1.7866666666666666,44,20,3.3
30,9.003846153846155,44,20,3.3
30,5.88076923076923,44,20,2.9
30,0.26,44,20,1.9
30,0.8699999999999999,44,20,0.5
30,1.65,44,20,0.0
30,3.583846153846154,44,20,0.0
31,13.792,44,9,32.3
31,6.74,44,9,5.3
31,4.493333333333334,44,9,1.4
31,6.5,44,9,13.9
31,4.2,44,9,9.4
31,3.45,44,9,3.2
31,1.5633333333333332,44,9,1.6
31,5.392307692307693,44,9,0.0
31,1.55,44,9,0.0
31,0.8300000000000001,44,9,0.0
32,7.865818181818182,74,8,6.1
32,12.080769230769231,74,8,7.9
32,6.71,74,8,4.1
32,6.637692307692308,74,8,3.0
32,1.1,74,8,0.6
32,2.911538461538462,74,8,0.5
32,2.5592307692307696,74,8,0.5
32,0.5281818181818181,74,8,0.2
32,0.15,74,8,0.0
5,18.934307692307694,74,21,20.66
5,0.18,74,21,0.7
5,20.15,74,21,30.6
5,2.6,74,21,5.7
5,9.083846153846155,74,21,22.3
5,0.21000000000000002,74,21,1.5
5,11.147692307692306,74,21,7.2
5,2.1566666666666667,74,21,4.7
5,7.320769230769231,74,21,2.5
5,0.2,74,21,2.4
5,2.903076923076923,74,21,1.8
5,1.9115384615384614,74,21,0.0
4,20.794923076923073,41,10,20.28
4,13.718461538461538,41,10,6.7
4,0.3156923076923077,41,10,4.08
4,17.303333333333335,41,10,7.5
4,2.0138461538461536,41,10,7.1000000000000005
4,12.35923076923077,41,10,18.9
4,4.103076923076923,41,10,3.5
4,5.406666666666666,41,10,2.7
4,0.3861538461538462,41,10,0.2999999999999998
4,2.3033333333333337,41,10,1.2
4,0.4815384615384616,41,10,0.2
4,1.3454545454545455,41,10,0.0
19,12.621538461538462,41,16,15.579999999999998
19,13.675384615384615,41,16,23.0
19,6.735454545454545,41,16,1.7
19,10.428666666666667,41,16,8.6
19,3.6409090909090907,41,16,4.4
19,1.8015384615384615,41,16,3.4
19,5.774615384615386,41,16,1.4
19,1.5254545454545454,41,16,1.3
19,3.117692307692308,41,16,0.6
19,0.05,41,16,0.0
21,14.802,78,15,17.56
21,6.707692307692308,78,15,7.7
21,10.379999999999999,78,15,21.6
21,2.8,78,15,7.4
21,0.22999999999999998,78,15,2.7
21,4.748666666666667,78,15,1.3
21,4.45,78,15,1.0
21,7.033333333333333,78,15,0.6
21,1.046153846153846,78,15,-1.5
21,3.6,78,15,0.0
21,0.32,78,15,-0.5
8,20.194153846153846,78,26,22.619999999999997
8,-0.16,78,26,0.16
8,11.84,78,26,9.6
8,5.8707692307692305,78,26,5.0
8,12.232727272727272,78,26,12.5
8,3.2676923076923075,78,26,4.9
8,10.816153846153846,78,26,4.5
8,4.02,78,26,4.0
8,3.1738461538461546,78,26,1.2000000000000002
8,5.746666666666666,78,26,1.6
8,3.3554545454545455,78,26,0.3
15,19.014,78,7,11.92
15,13.147272727272727,78,7,21.299999999999997
15,2.32,78,7,5.8
15,3.5415384615384617,78,7,0.5
15,14.738461538461538,78,7,6.9
15,5.143076923076924,78,7,3.4
15,1.3615384615384616,78,7,1.4
15,0.3,78,7,0.4
15,4.613076923076924,78,7,0.3
24,17.81533333333333,78,17,27.38
24,7.51,78,17,3.3
24,7.515714285714286,78,17,7.6
24,11.342727272727274,78,17,8.9
24,14.223333333333334,78,17,12.5
24,4.86,78,17,6.3
24,0.77,78,17,1.3
24,4.27,78,17,1.1
24,2.83,78,17,0.6
24,0.32999999999999996,78,17,0.0
27,12.611333333333333,78,6,22.919999999999998
27,7.992307692307692,78,6,13.5
27,10.104000000000001,78,6,2.9
27,7.11923076923077,78,6,4.1
27,3.210769230769231,78,6,6.3
27,2.8966666666666665,78,6,5.2
27,1.3515384615384616,78,6,1.4
27,0.38,78,6,1.3
27,0.79,78,6,1.3
11,18.37492307692308,78,4,35.4
11,11.273333333333333,78,4,28.7
11,5.3330769230769235,78,4,6.2
11,12.646153846153847,78,4,7.4
11,2.57,78,4,3.8
11,5.08,78,4,3.8
11,5.779999999999999,78,4,1.4
11,-0.2,78,4,1.4
11,1.48,78,4,0.8
11,3.4361538461538466,78,4,0.6
